quantile,quantile_t_mean,quantile_t_stdev,rank,rank_t_mean,rank_t_stdev
0.002,75,86.6025,1,41.6667,51.4929
0.003,58.3333,66.8558,1,11.8056,29.1748
0.004,41.6667,51.4929,1,25.9838,45.2677
0.005,50,52.2233,1,43.832,51.5824
0.006,108.333,99.6205,1,70.3193,49.4316
0.007,66.6667,49.2366,1,47.5266,51.8986
0.008,66.6667,49.2366,1,53.9606,52.4319
0.009,58.3333,51.4929,1,71.1634,49.5083
0.01,83.3333,83.4847,1,55.9303,52.6321
0.011,41.6667,51.4929,1,37.9942,49.525
0.012,25,45.2267,1,44.8328,51.6426
0.013,41.6667,51.4929,1,20.4027,39.18
0.014,33.3333,49.2366,1,18.3669,39.0111
0.015,50,90.4534,1,59.8639,51.5521
0.016,25,45.2267,1,46.6553,51.8011
0.017,50,52.2233,1,37.2213,49.4514
0.018,50,52.2233,1,19.7684,39.117
0.019,25,45.2267,1,18.314,39.0086
0.02,50,52.2233,1,59.8595,51.5519
0.021,25,45.2267,1,54.9883,67.6556
0.022,33.3333,49.2366,1,46.249,51.7742
0.023,33.3333,49.2366,1,53.8541,52.4231
0.024,33.3333,49.2366,1,29.4878,45.5213
0.025,25,45.2267,1,52.4573,52.3259
0.026,25,45.2267,1,37.7048,49.4959
0.027,58.3333,51.4929,1,28.1421,45.3952
0.028,25,45.2267,1,69.0118,88.8196
0.029,8.33333,28.8675,1,30.751,45.7122
0.03,25,45.2267,1,52.5626,52.3316
0.031,58.3333,51.4929,1,46.0469,51.7417
0.032,33.3333,49.2366,1,3.83724,4.55706
0.033,33.3333,49.2366,1,33.6531,49.2419
0.034,33.3333,49.2366,1,36.1378,49.369
0.035,41.6667,51.4929,1,19.6781,39.1092
0.036,25,45.2267,1,34.9732,49.3024
0.037,50,52.2233,1,27.9144,45.3784
0.038,66.6667,49.2366,1,43.9929,51.5902
0.039,50,67.42,1,28.6661,45.4401
0.04,8.33333,28.8675,1,44.0555,51.5933
0.041,41.6667,51.4929,1,37.0046,49.4332
0.042,33.3333,49.2366,1,19.7504,39.1155
0.043,25,45.2267,1,43.3125,51.556
0.044,41.6667,51.4929,1,28.6094,45.4352
0.045,66.6667,49.2366,1,35.7174,49.3414
0.046,41.6667,51.4929,1,36.3098,49.3801
0.047,50,52.2233,1,19.6925,39.1105
0.048,33.3333,49.2366,1,51.641,52.2854
0.049,25,45.2267,1,45.9701,51.7346
0.05,33.3333,49.2366,1,20.4975,39.1901
0.051,41.6667,51.4929,1,43.3748,51.5583
0.052,41.6667,51.4929,1,36.9479,49.4286
0.053,50,52.2233,1,44.7457,51.6367
0.054,58.3333,51.4929,1,37.0621,49.4379
0.055,33.3333,49.2366,1,36.4218,49.3877
0.056,41.6667,51.4929,1,44.7018,51.6339
0.057,16.6667,38.9249,1,45.3918,51.6851
0.058,66.6667,49.2366,1,37.116,49.4424
0.059,41.6667,51.4929,1,36.4263,49.388
0.06,33.3333,49.2366,1,61.3689,51.6339
0.061,33.3333,49.2366,1,30.1141,45.5925
0.062,50,52.2233,1,19.1762,39.0662
0.0629999,33.3333,49.2366,1,51.598,52.2839
0.064,41.6667,51.4929,1,20.9665,39.2438
0.065,25,45.2267,1,51.7472,52.2893
0.066,41.6667,51.4929,1,37.6456,49.4902
0.067,33.3333,49.2366,1,11.4705,29.1302
0.068,50,52.2233,1,42.6225,51.5282
0.069,66.6667,49.2366,1,28.5519,45.4302
0.07,33.3333,49.2366,1,19.046,39.0571
0.071,66.6667,49.2366,1,51.5872,52.2836
0.072,41.6667,51.4929,1,29.2989,45.5013
0.073,16.6667,38.9249,1,19.1082,39.0614
0.074,25,45.2267,1,51.5924,52.2837
0.075,16.6667,38.9249,1,37.6327,49.489
0.076,41.6667,51.4929,1,36.4694,49.391
0.077,41.6667,51.4929,1,28.0391,45.3874
0.078,58.3333,51.4929,1,35.6699,49.3389
0.079,41.6667,51.4929,1,27.9725,45.3826
0.08,25,45.2267,1,27.331,45.3377
0.081,33.3333,49.2366,1,35.6109,49.3358
0.082,41.6667,51.4929,1,44.6342,51.6295
0.083,33.3333,49.2366,1,45.3862,51.6846
0.084,50,52.2233,1,28.7822,45.4506
0.085,33.3333,49.2366,1,35.7318,49.3422
0.086,66.6667,65.1339,1,44.6443,51.6302
0.087,516.667,1447.78,1,62.0537,90.1435
0.088,41.6667,51.4929,1,46.8378,51.8544
0.089,41.6667,51.4929,1,28.9032,45.4619
0.09,66.6667,49.2366,1,19.0753,39.0591
0.091,58.3333,51.4929,1,51.5896,52.2837
0.092,25,45.2267,1,62.6325,51.7342
0.093,33.3333,49.2366,1,46.886,51.826
0.094,50,52.2233,1,37.2405,49.4531
0.095,50,52.2233,1,53.1034,52.3667
0.096,25,45.2267,1,46.0919,51.7459
0.097,25,45.2267,1,53.841,52.4221
0.098,41.6667,51.4929,1,29.4867,45.5212
0.099,33.3333,49.2366,1,19.1239,39.0625
0.1,41.6667,51.4929,1,18.2603,39.0061
0.101,33.3333,49.2366,1,26.5217,45.2938
0.102,41.6667,51.4929,1,43.8768,51.5845
0.103,50,52.2233,1,11.9897,29.1994
0.104,33.3333,49.2366,1,25.9991,45.2681
0.105,75,45.2267,1,10.4999,29.027
0.106,58.3333,51.4929,1,9.20833,28.9276
0.107,66.6667,49.2366,1,42.434,51.5246
0.108,58.3333,51.4929,1,53.5362,52.3985
0.109,41.6667,51.4929,1,29.4613,45.5185
0.11,33.3333,49.2366,1,27.4551,45.345
0.111,58.3333,51.4929,1,27.2879,45.3353
0.112,41.6667,51.4929,1,35.6073,49.3356
0.113,58.3333,66.8558,1,27.9673,45.3822
0.114,41.6667,51.4929,1,35.6639,49.3386
0.115,33.3333,49.2366,1,52.972,52.3583
0.116,25,45.2267,1,54.4143,52.4718
0.117,41.6667,51.4929,1,29.5345,45.5264
0.118,33.3333,49.2366,1,27.4612,45.3454
0.119,66.6667,49.2366,1,18.9551,39.0511
0.12,33.3333,49.2366,1,34.9129,49.3002
0.121,91.6667,28.8675,1,11.2427,29.1041
0.122,25,45.2267,1,25.9369,45.2665
0.123,41.6667,51.4929,1,27.1614,45.3284
0.124,50,52.2233,1,52.2635,52.3162
0.125,33.3333,49.2366,1,21.022,39.2505
0.126,50,52.2233,1,18.4185,39.0137
0.127,33.3333,49.2366,1,43.2015,51.5522
0.128,50,52.2233,1,28.6001,45.4344
0.129,75,45.2267,1,44.05,51.593
0.13,50,52.2233,1,45.3375,51.6808
0.131,66.6667,49.2366,1,62.1115,51.6893
0.132,58.3333,51.4929,1,38.5093,49.5799
0.133,75,45.2267,1,53.2091,52.3738
0.134,75,45.2267,1,62.7674,51.7467
0.135,75,45.2267,1,71.8973,49.5862
0.136,50,52.2233,1,39.3248,49.6781
0.137,33.3333,49.2366,1,36.6104,49.4012
0.138,16.6667,38.9249,1,69.7175,49.3851
0.139,66.6667,49.2366,1,30.8098,45.6811
0.14,33.3333,49.2366,1,35.9008,49.3517
0.141,33.3333,49.2366,1,52.9917,52.3596
0.142,25,45.2267,1,62.7493,51.745
0.143,33.3333,49.2366,1,46.8958,51.8271
0.144,41.6667,51.4929,1,37.2413,49.4532
0.145,50,52.2233,1,36.4368,49.3887
0.146,41.6667,51.4929,1,36.3697,49.3841
0.147,33.3333,49.2366,1,53.0308,52.362
0.148,50,67.42,1,46.0859,51.7453
0.149,41.6667,51.4929,1,28.8405,45.456
0.15,25,45.2267,1,52.4034,52.3231
0.151,50,52.2233,1,46.0336,51.7405
0.152,50,52.2233,1,12.1695,29.2248
0.153,58.3333,51.4929,1,26.0141,45.2685
0.154,41.6667,51.4929,1,35.5012,49.3304
0.155,41.6667,51.4929,1,27.9584,45.3816
0.156,33.3333,65.1339,1,27.3299,45.3376
0.157,41.6667,51.4929,1,10.6108,29.0364
0.158,33.3333,49.2366,1,25.8842,45.2653
0.159,33.3333,49.2366,1,52.157,52.3112
0.16,41.6667,51.4929,1,29.3464,45.5063
0.161,50,52.2233,1,52.4455,52.3253
0.162,50,52.2233,1,54.3705,52.4678
0.163,33.3333,49.2366,1,37.8642,49.5117
0.164,16.6667,38.9249,1,36.4887,49.3924
0.165,58.3333,51.4929,1,19.7074,39.1117
0.166,16.6667,38.9249,1,51.6423,52.2855
0.167,25,45.2267,1,29.3035,45.5018
0.168,33.3333,49.2366,1,35.7753,49.3445
0.169,50,52.2233,1,19.6479,39.1067
0.17,50,52.2233,1,34.9707,49.3024
0.171,25,45.2267,1,61.2476,51.6262
0.172,41.6667,51.4929,1,38.4373,49.5717
0.173,16.6667,38.9249,1,19.8698,39.1261
0.174,58.3333,51.4929,1,18.3225,39.009
0.175,66.6667,49.2366,1,26.5269,45.294
0.176,25,45.2267,1,68.8772,49.3325
0.177,33.3333,49.2366,1,22.4064,39.4408
0.178,8.33333,28.8675,1,43.5339,51.5646
0.179,58.3333,51.4929,1,3.62782,4.36409
0.18,25,45.2267,1,16.969,38.9313
0.181,33.3333,49.2366,1,18.0807,38.9984
0.182,16.6667,38.9249,1,68.1734,49.2977
0.183,58.3333,116.45,1,39.0144,49.638
0.184,50,52.2233,1,36.5845,49.3993
0.185,33.3333,49.2366,1,61.382,51.6347
0.186,100,42.6401,1,21.7818,39.3496
0.187,66.6667,49.2366,1,43.4818,51.5625
0.188,58.3333,51.4929,1,36.9568,49.4293
0.189,33.3333,49.2366,1,36.4131,49.3871
0.19,50,52.2233,1,36.3678,49.384
0.191,75,45.2267,1,11.364,29.1177
0.192,50,52.2233,1,0.946998,1.90405
0.193,25,45.2267,1,25.0789,45.2287
0.194,25,45.2267,1,43.7566,51.579
0.195,50,52.2233,1,45.313,51.6789
0.196,50,52.2233,1,28.7761,45.4501
0.197,16.6667,38.9249,1,52.398,52.3228
0.198,41.6667,51.4929,1,29.3665,45.5084
0.199,41.6667,51.4929,1,60.7805,51.5964
0.2,41.6667,51.4929,1,55.065,52.5352
0.201,58.3333,51.4929,1,46.2554,51.7616
0.202,33.3333,65.1339,1,45.5213,51.6955
0.203,25,45.2267,1,37.1268,49.4433
0.204,41.6667,51.4929,1,19.7606,39.1163
0.205,50,52.2233,1,34.98,49.3027
0.206,50,52.2233,1,36.2483,49.376
0.207,33.3333,49.2366,1,44.6874,51.6329
0.208,75,45.2267,1,12.0573,29.2088
0.209,41.6667,51.4929,1,42.6714,51.5293
0.21,66.6667,49.2366,1,45.2226,51.672
0.211,33.3333,49.2366,1,28.7686,45.4494
0.212,25,45.2267,1,35.7307,49.3421
0.213,50,52.2233,1,19.6442,39.1064
0.214,25,45.2267,1,34.9704,49.3023
0.215,41.6667,51.4929,1,52.9142,52.3547
0.216,66.6667,49.2366,1,46.0762,51.7444
0.217,50,52.2233,1,45.5063,51.6943
0.218,41.6667,51.4929,1,45.4589,51.6905
0.219,16.6667,38.9249,1,45.4549,51.6901
0.22,50,52.2233,1,37.1212,49.4428
0.221,50,52.2233,1,28.0934,45.3915
0.222,33.3333,49.2366,1,44.0078,51.5909
0.223,58.3333,51.4929,1,28.6673,45.4403
0.224,41.6667,51.4929,1,44.0556,51.5933
0.225,41.6667,51.4929,1,20.338,39.1733
0.226,33.3333,49.2366,1,26.6948,45.3007
0.227,33.3333,49.2366,1,43.8912,51.5852
0.228,25,45.2267,1,45.3243,51.6798
0.229,58.3333,51.4929,1,28.777,45.4501
0.23,41.6667,51.4929,1,27.3981,45.3416
0.231,41.6667,51.4929,1,27.2832,45.335
0.232,25,45.2267,1,43.9403,51.5876
0.233,41.6667,51.4929,1,45.3284,51.6801
0.234,33.3333,49.2366,1,45.444,51.6893
0.235,41.6667,51.4929,1,37.1203,49.4428
0.236,41.6667,51.4929,1,28.0934,45.3915
0.237,8.33333,28.8675,1,52.3411,52.32
0.238,50,52.2233,1,12.6951,29.306
0.239,58.3333,51.4929,1,34.3913,49.276
0.24,50,52.2233,1,44.5326,51.6232
0.241,50,52.2233,1,37.0444,49.4364
0.242,58.3333,51.4929,1,53.087,52.3657
0.243,83.3333,57.735,1,46.0906,51.7458
0.244,91.6667,108.362,1,62.1742,51.6944
0.245,50,52.2233,1,46.8479,51.8218
0.246,50,52.2233,1,45.5707,51.6996
0.247,75,45.2267,1,70.4642,49.4437
0.248,58.3333,51.4929,1,39.2054,49.6624
0.249,50,67.42,1,36.6004,49.4004
0.25,75,86.6025,1,28.05,45.3883
0.251,75,62.1582,1,60.6708,51.5907
0.252,91.6667,51.4929,1,80.0559,45.5854
0.253,75,45.2267,1,31.6713,45.8056
0.254,50,52.2233,1,52.6393,52.3358
0.255,83.3333,38.9249,1,62.7199,51.7423
0.256,58.3333,51.4929,1,55.2267,52.5526
0.257,66.6667,49.2366,1,62.9356,51.7629
0.258,66.6667,49.2366,1,46.9113,51.8288
0.259,91.6667,28.8675,1,45.5759,51.7001
0.26,66.6667,49.2366,1,62.1313,51.6909
0.261,75,45.2267,1,63.5109,51.8214
0.262,66.6667,49.2366,1,71.9592,49.5935
0.263,75,45.2267,1,64.3299,51.9158
0.264,58.3333,51.4929,1,47.0275,51.8419
0.265,50,52.2233,1,37.2523,49.4541
0.266,108.333,99.6205,1,61.4377,51.6384
0.267,50,52.2233,1,46.7865,51.8151
0.268,50,52.2233,1,28.8989,45.4615
0.269,25,45.2267,1,52.4082,52.3233
0.27,66.6667,65.1339,1,71.034,49.4955
0.271,50,52.2233,1,72.5862,49.6686
0.272,41.6667,51.4929,1,39.3822,49.6857
0.273,50,52.2233,1,44.9485,51.6506
0.274,91.6667,131.137,1,37.079,49.4393
0.275,66.6667,65.1339,1,53.0899,52.3659
0.276,116.667,38.9249,1,54.4242,52.4727
0.277,83.3333,93.7437,1,46.202,51.7564
0.278,58.3333,79.2961,1,53.8502,52.4228
0.279,66.6667,88.7625,1,37.8208,49.5073
0.28,83.3333,71.7741,1,78.1517,45.3959
0.281,100,73.8549,1,56.5126,52.7036
0.282,41.6667,51.4929,1,54.7094,52.5001
0.283,91.6667,90.0337,1,37.8924,49.5145
0.284,41.6667,51.4929,1,44.8244,51.642
0.285,66.6667,49.2366,1,45.402,51.6859
0.286,16.6667,38.9249,1,45.4502,51.6897
0.287,50,52.2233,1,28.7875,45.4511
0.288,25,45.2267,1,44.0656,51.5938
0.289,41.6667,51.4929,1,28.6721,45.4407
0.29,25,45.2267,1,35.7227,49.3417
0.291,41.6667,51.4929,1,52.9769,52.3586
0.292,33.3333,49.2366,1,46.0814,51.7449
0.293,41.6667,51.4929,1,45.5068,51.6944
0.294,58.3333,90.0337,1,37.1256,49.4432
0.295,50,90.4534,1,44.7605,51.6377
0.296,50,67.42,1,53.73,52.4132
0.297,100,73.8549,1,46.1442,51.7509
0.298,58.3333,90.0337,1,53.8453,52.4224
0.299,25,45.2267,1,29.4871,45.5213
0.3,33.3333,49.2366,1,19.1239,39.0625
0.301,58.3333,51.4929,1,34.927,49.3008
0.302,41.6667,51.4929,1,27.9106,45.3782
0.303,66.6667,49.2366,1,27.3259,45.3374
0.304,75,45.2267,1,35.6105,49.3358
0.305,50,52.2233,1,27.9675,45.3822
0.306,33.3333,49.2366,1,52.3306,52.3194
0.307,58.3333,51.4929,1,46.0276,51.7399
0.308,75,45.2267,1,62.169,51.694
0.309,50,52.2233,1,46.8474,51.8218
0.31,41.6667,51.4929,1,62.2373,51.6996
0.311,41.6667,51.4929,1,46.8531,51.8224
0.312,83.3333,38.9249,1,78.9044,45.462
0.313,83.3333,38.9249,1,64.9087,51.9886
0.314,66.6667,49.2366,1,55.4091,52.573
0.314999,66.6667,49.2366,1,62.9508,51.7644
0.315999,75,45.2267,1,55.2459,52.5547
0.316999,41.6667,51.4929,1,46.2705,51.7631
0.317999,66.6667,65.1339,1,37.1892,49.4486
0.318999,16.6667,38.9249,1,28.0991,45.3919
0.319999,41.6667,51.4929,1,19.0083,39.0546
0.320999,33.3333,49.2366,1,43.2507,51.5539
0.321999,16.6667,38.9249,1,28.6042,45.4347
0.322999,58.3333,51.4929,1,35.717,49.3414
0.323999,41.6667,66.8558,1,44.6431,51.6301
0.324999,25,45.2267,1,37.0536,49.4372
0.325999,41.6667,51.4929,1,44.7545,51.6373
0.326999,41.6667,51.4929,1,45.3962,51.6854
0.327999,16.6667,38.9249,1,28.783,45.4507
0.328999,25,45.2267,1,44.0653,51.5938
0.329999,58.3333,51.4929,1,37.0054,49.4332
0.330999,16.6667,38.9249,1,53.0838,52.3655
0.331999,25,45.2267,1,46.0903,51.7458
0.332999,33.3333,49.2366,1,37.1742,49.4473
0.333999,41.6667,51.4929,1,36.4312,49.3883
0.334999,41.6667,51.4929,1,44.7026,51.6339
0.335999,41.6667,51.4929,1,53.7252,52.4128
0.336999,8.33333,28.8675,1,71.1438,49.5063
0.337999,33.3333,49.2366,1,47.5953,51.9072
0.338999,58.3333,51.4929,1,28.9663,45.468
0.339999,41.6667,51.4929,1,52.4139,52.3236
0.340999,50,52.2233,1,37.7012,49.4956
0.341999,41.6667,51.4929,1,44.8084,51.6409
0.342999,58.3333,66.8558,1,53.734,52.4135
0.343999,25,45.2267,1,37.8112,49.5064
0.344999,58.3333,51.4929,1,36.4843,49.392
0.345999,50,52.2233,1,28.0404,45.3875
0.346999,50,67.42,1,19.0034,39.0542
0.347999,58.3333,51.4929,1,26.5836,45.2961
0.348999,33.3333,49.2366,1,43.882,51.5848
0.349999,58.3333,66.8558,1,53.6568,52.4075
0.350999,50,52.2233,1,37.8047,49.5057
0.351999,50,52.2233,1,44.8171,51.6415
0.352999,50,52.2233,1,28.7348,45.4463
0.353999,83.3333,93.7437,1,60.7279,51.5936
0.354999,50,52.2233,1,30.0607,45.586
0.355999,25,45.2267,1,60.8384,51.5995
0.356999,58.3333,51.4929,1,30.0699,45.5871
0.357999,41.6667,51.4929,1,52.5058,52.3285
0.358999,83.3333,83.4847,1,71.0422,49.4963
0.359999,58.3333,51.4929,1,55.9202,52.6309
0.360999,50,52.2233,1,54.66,52.4952
0.361999,75,86.6025,1,37.8883,49.5141
0.362999,33.3333,49.2366,1,19.824,39.122
0.363999,58.3333,51.4929,1,18.3187,39.0088
0.364999,33.3333,49.2366,1,34.8599,49.2984
0.365999,33.3333,49.2366,1,52.905,52.3542
0.366999,66.6667,49.2366,1,29.4087,45.5128
0.367999,41.6667,51.4929,1,44.1174,51.5966
0.368999,41.6667,51.4929,1,28.6764,45.4411
0.369999,16.6667,38.9249,1,52.3897,52.3224
0.370999,50,52.2233,1,37.6991,49.4954
0.371999,41.6667,51.4929,1,36.4749,49.3914
0.372999,66.6667,49.2366,1,11.3729,29.1188
0.373999,66.6667,49.2366,1,17.6144,38.9715
0.374999,58.3333,51.4929,1,26.4679,45.2918
0.375999,58.3333,51.4929,1,35.539,49.3322
0.376999,66.6667,65.1339,1,86.2949,39.105
0.377999,66.6667,65.1339,1,32.1912,45.8849
0.378999,58.3333,51.4929,1,36.0159,49.3585
0.379999,50,52.2233,1,28.0013,62.2732
0.380999,50,52.2233,1,27.3334,45.3548
0.381999,33.3333,49.2366,1,35.6111,49.3358
0.382999,33.3333,49.2366,1,27.9676,45.3822
0.383999,25,45.2267,1,43.9973,51.5904
0.384999,41.6667,51.4929,1,3.66644,4.39942
0.385999,41.6667,51.4929,1,16.9722,38.9314
0.386999,33.3333,49.2366,1,43.081,51.5484
0.387999,75,45.2267,1,36.9234,49.4266
0.388999,50,52.2233,1,36.4103,49.3869
0.389999,33.3333,49.2366,1,44.7009,51.6338
0.390999,25,45.2267,1,28.7251,45.4454
0.391998,41.6667,51.4929,1,35.7271,49.3419
0.392998,33.3333,49.2366,1,36.3106,49.3801
0.393998,16.6667,38.9249,1,28.0259,45.3865
0.394998,41.6667,51.4929,1,35.6688,49.3388
0.395998,66.6667,88.7625,1,52.9724,52.3583
0.396998,50,52.2233,1,29.4144,45.5134
0.397998,75,45.2267,1,44.1179,51.5966
0.398998,50,52.2233,1,45.3432,51.6812
0.399998,41.6667,51.4929,1,37.1119,49.4421
0.400998,41.6667,51.4929,1,53.0927,52.366
0.401998,25,45.2267,1,46.0911,51.7458
0.402998,25,45.2267,1,37.1743,49.4473
0.403998,41.6667,51.4929,1,44.7645,51.638
0.404998,41.6667,51.4929,1,28.7304,45.4459
0.405998,8.33333,28.8675,1,52.3942,52.3226
0.406998,50,52.2233,1,21.0328,39.2518
0.407998,75,45.2267,1,10.0861,28.9871
0.408998,25,45.2267,1,17.5072,38.9687
0.409998,33.3333,49.2366,1,18.1256,39.0002
0.410998,58.3333,51.4929,1,18.1771,39.0024
0.411998,33.3333,49.2366,1,26.5148,45.2935
0.412998,58.3333,51.4929,1,10.5429,29.0306
0.413998,33.3333,49.2366,1,34.2119,49.2719
0.414998,41.6667,51.4929,1,27.851,45.374
0.415998,33.3333,49.2366,1,35.6542,49.3381
0.416998,50,52.2233,1,27.9712,45.3825
0.417998,33.3333,49.2366,1,27.3309,45.3377
0.418998,58.3333,51.4929,1,35.6109,49.3358
0.419998,58.3333,51.4929,1,19.6342,39.1055
0.420998,50,52.2233,1,34.9695,49.3023
0.421998,50,52.2233,1,27.9141,45.3784
0.422998,33.3333,49.2366,1,35.6595,49.3383
0.423998,16.6667,38.9249,1,36.305,49.3798
0.424998,41.6667,51.4929,1,19.6921,39.1104
0.425998,41.6667,51.4929,1,26.641,45.2984
0.426998,41.6667,51.4929,1,18.8868,39.0467
0.427998,58.3333,51.4929,1,51.5739,52.2831
0.428998,25,45.2267,1,62.6312,51.7341
0.429998,25,45.2267,1,46.8859,51.826
0.430998,50,52.2233,1,37.2405,49.4531
0.431998,25,45.2267,1,53.1034,52.3667
0.432998,25,45.2267,1,21.0919,39.2591
0.433998,33.3333,49.2366,1,18.4243,39.014
0.434998,33.3333,49.2366,1,34.8687,49.2987
0.435998,50,52.2233,1,19.5724,39.1004
0.436998,8.33333,28.8675,1,51.631,52.2851
0.437998,33.3333,49.2366,1,37.6359,49.4893
0.438998,50,52.2233,1,28.1363,45.3948
0.439998,33.3333,49.2366,1,19.0114,39.0548
0.440998,16.6667,38.9249,1,59.9176,51.5539
0.441998,25,45.2267,1,38.3265,49.5593
0.442998,16.6667,38.9249,1,53.1939,52.3728
0.443998,41.6667,51.4929,1,12.7662,29.3178
0.444998,41.6667,51.4929,1,34.3972,49.2762
0.445998,25,45.2267,1,19.5331,39.0972
0.446998,50,52.2233,1,34.9611,49.302
0.447998,16.6667,38.9249,1,52.9134,52.3547
0.448998,41.6667,51.4929,1,37.7428,49.4996
0.449998,83.3333,83.4847,1,53.1452,67.5333
0.450998,50,52.2233,1,37.7621,49.5154
0.451998,33.3333,49.2366,1,44.8135,51.6413
0.452998,50,52.2233,1,53.7345,52.4136
0.453998,33.3333,49.2366,1,37.8112,49.5064
0.454998,25,45.2267,1,53.1509,52.3699
0.455998,41.6667,51.4929,1,46.0959,51.7463
0.456998,41.6667,51.4929,1,20.508,39.1912
0.457998,25,45.2267,1,43.3757,51.5584
0.458998,8.33333,28.8675,1,61.948,51.6765
0.459998,25,45.2267,1,55.1623,52.5456
0.460998,41.6667,51.4929,1,21.2635,39.2808
0.461998,16.6667,38.9249,1,35.1053,49.3076
0.462998,33.3333,49.2366,1,36.2588,49.3767
0.463998,41.6667,51.4929,1,36.3549,49.3831
0.464998,33.3333,49.2366,1,44.6962,51.6335
0.465998,25,45.2267,1,28.7247,45.4454
0.466998,58.3333,51.4929,1,27.3937,45.3413
0.467998,41.6667,51.4929,1,43.9495,51.588
0.468998,25,45.2267,1,28.6625,45.4398
0.469997,50,52.2233,1,19.0552,39.0577
0.470997,41.6667,51.4929,1,9.92127,28.9765
0.471997,58.3333,51.4929,1,34.1601,49.2709
0.472997,25,45.2267,1,19.5133,39.0957
0.473997,41.6667,51.4929,1,51.6261,52.2849
0.474997,83.3333,57.735,1,37.6355,49.4893
0.475997,33.3333,49.2366,1,28.1363,45.3948
0.476997,33.3333,49.2366,1,35.678,49.3393
0.477997,33.3333,49.2366,1,36.3065,49.3799
0.478997,25,45.2267,1,53.0255,52.3617
0.479997,66.6667,49.2366,1,29.4188,45.5139
0.480997,50,52.2233,1,44.1182,51.5966
0.481997,58.3333,51.4929,1,28.6765,45.4411
0.482997,41.6667,51.4929,1,27.3897,45.3411
0.483997,41.6667,51.4929,1,35.6158,49.3361
0.484997,58.3333,51.4929,1,27.968,45.3823
0.485997,33.3333,49.2366,1,35.664,49.3386
0.486997,41.6667,51.4929,1,27.972,45.3825
0.487997,25,45.2267,1,43.9977,51.5904
0.488997,25,45.2267,1,53.6665,52.4083
0.489997,58.3333,51.4929,1,37.8055,49.5058
0.490997,58.3333,51.4929,1,19.8171,39.1213
0.491997,25,45.2267,1,51.6514,52.2858
0.492997,33.3333,49.2366,1,45.971,51.7347
0.493997,50,52.2233,1,3.83091,4.55118
0.494997,58.3333,51.4929,1,25.3192,45.2325
0.495997,25,45.2267,1,27.1099,45.3257
0.496997,25,45.2267,1,18.9258,39.0492
0.497997,50,52.2233,1,51.5772,52.2832
0.498997,50,52.2233,1,45.9648,51.7341
0.499997,33.3333,49.2366,1,37.1637,49.4464
0.500997,41.6667,51.4929,1,11.4303,29.1254
0.501997,41.6667,51.4929,1,34.2859,49.2735
0.502997,41.6667,51.4929,1,44.5238,51.6227
0.503997,58.3333,66.8558,1,37.0437,49.4364
0.504997,33.3333,49.2366,1,28.087,45.391
0.505997,50,52.2233,1,44.0072,51.5909
0.506997,58.3333,66.8558,1,62.0006,51.6805
0.507997,41.6667,51.4929,1,30.1667,45.5991
0.508997,75,45.2267,1,27.5139,45.3486
0.509997,16.6667,38.9249,1,43.9595,51.5885
0.510997,50,67.42,1,45.33,51.6802
0.511997,50,52.2233,1,28.7775,45.4502
0.512997,16.6667,38.9249,1,44.0648,51.5938
0.513997,66.6667,49.2366,1,20.3387,39.1734
0.514997,41.6667,51.4929,1,18.3616,39.0109
0.515997,50,52.2233,1,18.1968,39.0032
0.516997,33.3333,49.2366,1,34.8497,49.298
0.517997,50,52.2233,1,27.9041,45.3777
0.518997,41.6667,51.4929,1,43.992,51.5901
0.519997,58.3333,51.4929,1,20.3327,39.1727
0.520997,33.3333,49.2366,1,35.0277,49.3045
0.521997,41.6667,51.4929,1,36.2523,49.3763
0.522997,16.6667,38.9249,1,28.021,45.3861
0.523997,50,52.2233,1,27.3351,45.3379
0.524997,50,52.2233,1,27.2779,45.3347
0.525997,41.6667,51.4929,1,35.6065,49.3356
0.526997,66.6667,49.2366,1,36.3005,49.3795
0.527997,41.6667,51.4929,1,36.3584,49.3833
0.528997,50,52.2233,1,36.3632,49.3837
0.529997,25,45.2267,1,53.0303,52.362
0.530997,25,45.2267,1,54.4192,52.4723
0.531997,50,52.2233,1,29.5349,45.5265
0.532997,33.3333,65.1339,1,35.7946,49.3456
0.533997,41.6667,51.4929,1,36.3162,49.3805
0.534997,41.6667,51.4929,1,28.0264,45.3865
0.535997,16.6667,38.9249,1,44.0022,51.5906
0.536997,33.3333,65.1339,1,45.3335,51.6805
0.537997,16.6667,38.9249,1,12.1111,29.2164
0.538997,58.3333,51.4929,1,42.6759,51.5294
0.539997,58.3333,51.4929,1,28.5563,45.4306
0.540997,50,52.2233,1,52.3797,52.3219
0.541997,83.3333,57.735,1,54.365,52.4673
0.542997,33.3333,49.2366,1,46.1971,51.7559
0.543997,58.3333,51.4929,1,37.1831,49.4481
0.544997,25,45.2267,1,28.0986,45.3919
0.545997,41.6667,51.4929,1,10.6749,29.0421
0.546997,41.6667,51.4929,1,50.8896,52.2568
0.547997,150,271.36,1,12.5741,29.2866
0.548997,41.6667,51.4929,1,34.3812,49.2758
0.549996,41.6667,51.4929,1,27.8651,45.375
0.550996,33.3333,49.2366,1,35.6554,49.3381
0.551996,33.3333,49.2366,1,11.3046,29.111
0.552996,8.33333,28.8675,1,67.6087,49.2733
0.553996,50,52.2233,1,38.9674,49.6321
0.554996,58.3333,51.4929,1,19.9139,39.1301
0.555996,16.6667,38.9249,1,43.3262,51.5565
0.556996,33.3333,49.2366,1,36.9438,49.4282
0.557996,33.3333,49.2366,1,36.412,49.387
0.558996,75,45.2267,1,11.3677,29.1182
0.559996,41.6667,51.4929,1,50.9473,52.258
0.560996,25,45.2267,1,37.5789,49.4839
0.561996,33.3333,49.2366,1,28.1316,45.3944
0.562996,33.3333,49.2366,1,35.6776,49.3393
0.563996,16.6667,38.9249,1,44.6398,51.6299
0.564996,58.3333,51.4929,1,20.3867,39.1783
0.565996,50,52.2233,1,35.0322,49.3047
0.566996,41.6667,51.4929,1,52.9194,52.3551
0.567996,58.3333,51.4929,1,37.7433,49.4997
0.568996,41.6667,51.4929,1,36.4786,49.3916
0.569996,33.3333,49.2366,1,19.7066,39.1117
0.570996,33.3333,49.2366,1,59.9755,51.5559
0.571996,16.6667,38.9249,1,79.998,45.5784
0.572996,50,52.2233,1,39.9998,49.7681
0.573996,41.6667,51.4929,1,36.6667,49.4053
0.574996,33.3333,49.2366,1,28.0556,45.3887
0.575996,58.3333,66.8558,1,44.0046,51.5907
0.576996,25,45.2267,1,28.6671,45.4402
0.577996,50,52.2233,1,27.3889,45.3411
0.578996,66.6667,49.2366,1,35.6157,49.3361
0.579996,41.6667,51.4929,1,52.968,52.3581
0.580996,50,52.2233,1,71.0807,49.5001
0.581996,58.3333,51.4929,1,55.9234,52.6313
0.582996,83.3333,93.7437,1,21.3269,39.289
0.583996,66.6667,49.2366,1,26.7772,45.3042
0.584996,50,52.2233,1,35.5648,49.3335
0.585996,25,45.2267,1,27.9637,45.382
0.586996,16.6667,38.9249,1,43.997,51.5904
0.587996,25,45.2267,1,61.9997,51.6805
0.588996,33.3333,49.2366,1,21.8333,39.357
0.589996,50,52.2233,1,18.4861,39.0172
0.590996,25,45.2267,1,26.5405,45.2945
0.591996,33.3333,49.2366,1,18.8784,39.0462
0.592996,50,52.2233,1,26.5732,45.2957
0.593996,33.3333,49.2366,1,60.5478,51.5847
0.594996,25,45.2267,1,46.7123,51.8071
0.595996,33.3333,49.2366,1,37.226,49.4518
0.596996,16.6667,38.9249,1,28.1022,45.3922
0.597996,41.6667,51.4929,1,44.0085,51.5909
0.598996,33.3333,49.2366,1,28.6674,45.4403
0.599996,8.33333,28.8675,1,69.0556,49.3417
0.600996,33.3333,49.2366,1,22.4213,39.4432
0.601996,50,52.2233,1,26.8684,45.3084
0.602996,25,45.2267,1,35.5724,49.3339
0.603996,75,45.2267,1,19.631,39.1053
0.604996,16.6667,38.9249,1,43.3026,51.5557
0.605996,58.3333,51.4929,1,36.9419,49.4281
0.606996,33.3333,49.2366,1,61.4118,51.6367
0.607996,50,52.2233,1,13.451,29.4381
0.608996,16.6667,38.9249,1,34.4542,49.2777
0.609996,8.33333,28.8675,1,27.8712,45.3754
0.610996,33.3333,49.2366,1,35.6559,49.3381
0.611996,33.3333,49.2366,1,27.9713,45.3825
0.612996,50,52.2233,1,27.3309,45.3377
0.613996,33.3333,49.2366,1,35.6109,49.3358
0.614996,25,45.2267,1,52.9676,52.358
0.615996,25,45.2267,1,29.414,45.5134
0.616996,16.6667,38.9249,1,19.1178,39.062
0.617996,16.6667,38.9249,1,51.5932,52.2838
0.618996,33.3333,49.2366,1,45.9661,51.7343
0.619996,41.6667,51.4929,1,45.4972,51.6936
0.620996,41.6667,51.4929,1,3.79143,4.51455
0.621996,50,52.2233,1,50.316,52.2283
0.622996,50,52.2233,1,29.193,45.4905
0.623996,25,45.2267,1,60.7661,51.5956
0.624996,41.6667,51.4929,1,38.3972,49.5672
0.625996,16.6667,38.9249,1,44.8664,51.6448
0.626996,16.6667,38.9249,1,37.0722,49.4387
0.627995,58.3333,51.4929,1,19.756,39.116
0.628995,41.6667,51.4929,1,9.97967,28.9801
0.629995,41.6667,51.4929,1,25.8316,45.2642
0.630995,16.6667,38.9249,1,52.1526,52.311
0.631995,16.6667,38.9249,1,54.3461,52.4655
0.632995,33.3333,49.2366,1,62.8622,51.7558
0.633995,25,45.2267,1,30.2385,45.6081
0.634995,8.33333,28.8675,1,35.8532,49.3489
0.635995,16.6667,38.9249,1,44.6544,51.6308
0.636995,58.3333,51.4929,1,12.0545,29.2084
0.637995,50,52.2233,1,9.33788,28.9325
0.638995,25,45.2267,1,42.4448,51.5248
0.639995,25,45.2267,1,36.8704,49.4224
0.640995,50,52.2233,1,36.4059,49.3866
0.641995,41.6667,51.4929,1,28.0338,45.3871
0.642995,41.6667,51.4929,1,19.0028,39.0542
0.643995,33.3333,49.2366,1,34.9169,49.3004
0.644995,33.3333,49.2366,1,36.2431,49.3757
0.645995,33.3333,49.2366,1,36.3536,49.383
0.646995,33.3333,49.2366,1,11.3628,29.1176
0.647995,33.3333,49.2366,1,42.6136,51.5281
0.648995,25,45.2267,1,28.5511,45.4301
0.649995,41.6667,51.4929,1,44.0459,51.5928
0.650995,33.3333,49.2366,1,45.3372,51.6808
0.651995,50,52.2233,1,12.1114,29.2165
0.652995,33.3333,49.2366,1,67.676,49.2748
0.653995,41.6667,51.4929,1,38.973,49.6328
0.654995,75,45.2267,1,53.2477,52.3764
0.655995,41.6667,51.4929,1,37.7706,49.5024
0.656995,8.33333,28.8675,1,61.4809,51.6413
0.657995,33.3333,49.2366,1,30.1234,45.5937
0.658995,25,45.2267,1,19.177,39.0662
0.659995,33.3333,49.2366,1,43.2647,51.5544
0.660995,41.6667,51.4929,1,45.2721,51.6757
0.661995,33.3333,49.2366,1,20.4393,39.1839
0.662995,41.6667,51.4929,1,18.3699,39.0113
0.663995,41.6667,51.4929,1,26.5308,45.2941
0.664995,16.6667,38.9249,1,52.2109,52.3137
0.665995,41.6667,51.4929,1,21.0176,39.25
0.666995,33.3333,49.2366,1,51.7515,52.2895
0.667995,16.6667,38.9249,1,62.646,51.7355
0.668995,50,52.2233,1,38.5538,49.585
0.669995,8.33333,28.8675,1,53.2128,52.374
0.670995,16.6667,38.9249,1,37.7677,49.5021
0.671995,41.6667,51.4929,1,19.814,39.1211
0.672995,50,52.2233,1,34.9845,49.3029
0.673995,66.6667,49.2366,1,19.582,39.1012
0.674995,58.3333,66.8558,1,34.9652,49.3022
0.675995,41.6667,51.4929,1,27.9138,45.3784
0.676995,25,45.2267,1,52.3261,52.3192
0.677995,33.3333,49.2366,1,37.6938,49.4949
0.678995,50,52.2233,1,44.8078,51.6409
0.679995,16.6667,38.9249,1,28.734,45.4462
0.680995,33.3333,49.2366,1,44.0612,51.5936
0.681995,25,45.2267,1,12.0051,29.2016
0.682995,41.6667,51.4929,1,17.6671,38.973
0.683995,83.3333,38.9249,1,34.8056,49.2966
0.684995,58.3333,51.4929,1,61.2338,51.6253
0.685995,25,45.2267,1,80.1028,45.5912
0.686995,25,45.2267,1,15.0086,29.7672
0.687995,25,45.2267,1,42.9174,51.5357
0.688995,16.6667,38.9249,1,53.5764,52.4014
0.689995,50,52.2233,1,21.1314,39.264
0.690995,50,52.2233,1,26.7609,45.3035
0.691995,33.3333,49.2366,1,68.8967,49.3334
0.692995,50,52.2233,1,30.7414,45.6717
0.693995,58.3333,51.4929,1,27.5618,45.3516
0.694995,41.6667,51.4929,1,27.2968,45.3358
0.695995,41.6667,51.4929,1,27.2747,45.3345
0.696995,0,0,1,68.9396,49.3356
0.697995,33.3333,49.2366,1,22.4116,39.4416
0.698995,16.6667,38.9249,1,43.5343,51.5646
0.699995,50,52.2233,1,20.2945,39.1688
0.700995,33.3333,49.2366,1,51.6912,52.2872
0.701995,91.6667,257.464,1,45.9743,51.735
0.702995,41.6667,51.4929,1,37.1645,49.4465
0.703995,58.3333,51.4929,1,28.097,45.3918
0.704994,25,45.2267,1,44.0081,51.5909
0.705994,41.6667,51.4929,1,20.334,39.1729
0.706994,41.6667,51.4929,1,35.0278,49.3045
0.707994,25,45.2267,1,36.2523,49.3763
0.708994,25,45.2267,1,44.6877,51.6329
0.709994,41.6667,51.4929,1,37.0573,49.4375
0.710994,75,45.2267,1,19.7548,39.1158
0.711994,33.3333,49.2366,1,26.6462,45.2986
0.712994,41.6667,51.4929,1,35.5539,49.3329
0.713994,33.3333,49.2366,1,44.6295,51.6292
0.714994,33.3333,49.2366,1,20.3858,39.1782
0.715994,66.6667,49.2366,1,35.0321,49.3047
0.716994,33.3333,49.2366,1,36.2527,49.3763
0.717994,33.3333,49.2366,1,53.0211,52.3614
0.718994,50,52.2233,1,12.7518,29.3154
0.719994,8.33333,28.8675,1,34.396,49.2762
0.720994,25,45.2267,1,69.533,49.3729
0.721994,33.3333,49.2366,1,47.4611,51.8906
0.722994,33.3333,49.2366,1,20.6218,39.2037
0.723994,8.33333,28.8675,1,68.3851,49.3055
0.724994,41.6667,51.4929,1,30.6988,45.6658
0.725994,58.3333,51.4929,1,27.5582,45.3514
0.726994,41.6667,51.4929,1,18.9632,39.0516
0.727994,33.3333,49.2366,1,43.2469,51.5538
0.728994,66.6667,49.2366,1,28.6039,45.4347
0.729994,16.6667,38.9249,1,60.717,51.5931
0.730994,33.3333,49.2366,1,55.0597,52.5347
0.731994,25,45.2267,1,54.5883,52.4882
0.732994,25,45.2267,1,21.2157,39.2746
0.733994,50,52.2233,1,18.4346,39.0145
0.734994,66.6667,49.2366,1,51.5362,52.2819
0.735994,41.6667,51.4929,1,37.628,49.4885
0.736994,41.6667,51.4929,1,19.8023,39.12
0.737994,41.6667,51.4929,1,34.9835,49.3028
0.738994,25,45.2267,1,27.9153,45.3785
0.739994,50,52.2233,1,35.6596,49.3383
0.740994,50,52.2233,1,19.6383,39.1059
0.741994,33.3333,49.2366,1,26.6365,45.2982
0.742994,16.6667,38.9249,1,27.2197,45.3315
0.743994,41.6667,51.4929,1,35.6016,49.3353
0.744994,16.6667,38.9249,1,44.6335,51.6295
0.745994,16.6667,38.9249,1,45.3861,51.6846
0.746994,41.6667,51.4929,1,45.4488,51.6896
0.747994,50,52.2233,1,28.7874,45.4511
0.748994,33.3333,49.2366,1,60.7323,51.5938
0.749994,33.3333,49.2366,1,46.7277,51.8088
0.750994,33.3333,49.2366,1,37.2273,49.4519
0.751994,16.6667,38.9249,1,44.7689,51.6383
0.752994,41.6667,51.4929,1,37.0641,49.438
0.753994,50,52.2233,1,36.422,49.3877
0.754994,50,52.2233,1,19.7018,39.1113
0.755994,41.6667,51.4929,1,26.6418,45.2985
0.756994,41.6667,51.4929,1,27.2202,45.3316
0.757994,25,45.2267,1,68.935,49.3353
0.758994,50,52.2233,1,30.7446,45.6721
0.759994,50,52.2233,1,35.8954,49.3513
0.760994,50,52.2233,1,11.3246,29.1132
0.761994,58.3333,51.4929,1,25.9437,45.2667
0.762994,75,45.2267,1,35.4953,49.3301
0.763994,16.6667,38.9249,1,44.6246,51.6289
0.764994,58.3333,51.4929,1,37.0521,49.4371
0.765994,41.6667,51.4929,1,19.7543,39.1158
0.766994,50,52.2233,1,34.9795,49.3027
0.767994,33.3333,49.2366,1,27.915,45.3785
0.768994,33.3333,49.2366,1,35.6596,49.3383
0.769994,58.3333,51.4929,1,11.305,29.111
0.770994,41.6667,51.4929,1,42.6087,51.528
0.771994,50,52.2233,1,20.2174,39.1611
0.772994,33.3333,49.2366,1,60.0181,51.5575
0.773994,33.3333,49.2366,1,71.6682,49.5603
0.774994,41.6667,51.4929,1,14.3057,29.61
0.775994,41.6667,51.4929,1,42.8588,51.534
0.776994,33.3333,49.2366,1,28.5716,45.4319
0.777994,58.3333,51.4929,1,27.381,45.3406
0.778994,41.6667,51.4929,1,43.9484,51.588
0.779994,0,0,1,36.9957,49.4324
0.780994,25,45.2267,1,44.7496,51.637
0.781994,50,52.2233,1,20.3958,39.1793
0.782993,41.6667,51.4929,1,35.033,49.3047
0.783993,50,52.2233,1,19.5861,39.1016
0.784993,50,52.2233,1,26.6322,45.2981
0.785993,33.3333,49.2366,1,27.2193,45.3315
0.786993,50,52.2233,1,10.6016,29.0356
0.787993,66.6667,49.2366,1,17.5501,38.9698
0.788993,33.3333,49.2366,1,34.7958,49.2962
0.789993,33.3333,49.2366,1,36.233,49.3751
0.790993,16.6667,38.9249,1,53.0194,52.3613
0.791993,25,45.2267,1,29.4183,45.5139
0.792993,83.3333,38.9249,1,19.1182,39.0621
0.793993,50,52.2233,1,26.5932,45.2965
0.794993,33.3333,49.2366,1,35.5494,49.3327
0.795993,25,45.2267,1,19.6291,39.1051
0.796993,50,52.2233,1,43.3024,51.5557
0.797993,33.3333,49.2366,1,45.2752,51.676
0.798993,58.3333,51.4929,1,12.1063,29.2158
0.799993,50,52.2233,1,26.0089,45.2683
0.800993,25,45.2267,1,52.1674,52.3117
0.801993,41.6667,51.4929,1,29.3473,45.5063
0.802993,25,45.2267,1,52.4456,52.3253
0.803993,8.33333,28.8675,1,46.0371,51.7408
0.804993,41.6667,51.4929,1,45.5031,51.6941
0.805993,33.3333,49.2366,1,62.1253,51.6904
0.806993,33.3333,49.2366,1,46.8438,51.8214
0.807993,25,45.2267,1,45.5703,51.6996
0.808993,58.3333,51.4929,1,28.7975,45.452
0.809993,25,45.2267,1,52.3998,52.3229
0.810993,33.3333,49.2366,1,21.0333,39.2519
0.811993,33.3333,49.2366,1,18.4194,39.0137
0.812993,8.33333,28.8675,1,34.8683,49.2987
0.813993,25,45.2267,1,36.239,49.3754
0.814993,58.3333,51.4929,1,36.3533,49.383
0.815993,58.3333,51.4929,1,28.0294,45.3867
0.816993,8.33333,28.8675,1,60.6691,51.5906
0.817993,33.3333,49.2366,1,46.7224,51.8082
0.818993,33.3333,49.2366,1,37.2269,49.4519
0.819993,16.6667,38.9249,1,36.4356,49.3886
0.820993,41.6667,51.4929,1,28.0363,45.3872
0.821993,25,45.2267,1,52.3364,52.3197
0.822993,33.3333,49.2366,1,46.028,51.7399
0.823993,50,52.2233,1,28.8357,45.4556
0.824993,41.6667,51.4929,1,10.7363,29.0476
0.825993,25,45.2267,1,25.8947,45.2655
0.826993,58.3333,51.4929,2,60.4912,51.5821
0.827993,25,45.2267,2,55.0409,52.5327
0.828993,41.6667,51.4929,2,46.2534,51.7614
0.829993,50,52.2233,2,20.5211,39.1927
0.830993,58.3333,51.4929,2,26.7101,45.3013
0.831993,33.3333,49.2366,2,43.8925,51.5853
0.832993,50,52.2233,2,36.991,49.432
0.833993,66.6667,49.2366,2,44.7493,51.637
0.834993,50,52.2233,2,37.0624,49.4379
0.835993,75,45.2267,2,28.0885,45.3911
0.836993,16.6667,38.9249,2,52.3407,52.3199
0.837993,50,52.2233,2,37.6951,49.495
0.838993,16.6667,38.9249,2,28.1413,45.3951
0.839993,41.6667,51.4929,2,27.3451,45.3385
0.840993,66.6667,49.2366,2,35.6121,49.3359
0.841993,41.6667,51.4929,2,77.9677,45.3822
0.842993,33.3333,49.2366,2,73.164,49.7436
0.843993,33.3333,49.2366,2,31.097,45.7223
0.844993,33.3333,49.2366,2,44.2581,51.6042
0.845993,58.3333,51.4929,2,12.0215,29.2038
0.846993,50,52.2233,2,51.0018,52.2592
0.847993,58.3333,51.4929,2,37.5835,49.4843
0.848993,41.6667,51.4929,2,53.132,52.3686
0.849993,50,52.2233,2,46.0943,51.7461
0.850993,41.6667,51.4929,2,28.8412,45.4561
0.851993,25,45.2267,2,60.7368,51.5941
0.852993,33.3333,49.2366,2,46.7281,51.8088
0.853993,58.3333,51.4929,2,28.894,45.461
0.854993,50,52.2233,2,27.4078,45.3422
0.855993,108.333,223.437,2,43.9507,51.5881
0.856993,33.3333,49.2366,2,36.9959,49.4324
0.857993,58.3333,51.4929,2,44.7497,51.637
0.858993,8.33333,28.8675,2,70.3958,49.4379
0.859993,25,45.2267,2,64.1997,51.8994
0.860992,25,45.2267,2,13.6833,29.4835
0.861992,33.3333,49.2366,2,51.1403,52.2625
0.862992,33.3333,49.2366,2,54.2617,52.458
0.863992,41.6667,51.4929,2,54.5218,52.4819
0.864992,16.6667,38.9249,2,54.5435,52.4839
0.865992,50,52.2233,2,37.8786,49.5131
0.866992,66.6667,49.2366,2,19.8232,39.1219
0.867992,58.3333,51.4929,2,26.6519,45.2989
0.868992,41.6667,51.4929,3,43.8877,51.585
0.869992,33.3333,49.2366,3,53.6573,52.4076
0.870992,25,45.2267,3,62.8048,51.7503
0.871992,41.6667,51.4929,3,13.5671,29.4605
0.872992,41.6667,51.4929,3,59.4639,51.5324
0.873992,25,45.2267,3,71.622,49.5552
0.874992,33.3333,49.2366,3,39.3018,49.675
0.875992,58.3333,51.4929,3,44.9418,51.6501
0.876992,50,52.2233,3,53.7452,52.4144
0.877992,41.6667,51.4929,3,37.8121,49.5065
0.878992,50,52.2233,3,69.8177,49.392
0.879992,50,52.2233,3,47.4848,51.8935
0.880992,33.3333,49.2366,3,45.6237,51.7041
0.881992,66.6667,49.2366,3,53.802,52.4189
0.882992,41.6667,51.4929,3,29.4835,45.5209
0.883992,58.3333,51.4929,3,60.7903,51.5969
0.884992,25,45.2267,3,46.7325,51.8093
0.885992,41.6667,51.4929,3,78.8944,45.4611
0.886992,50,52.2233,3,56.5745,52.712
0.887992,50,52.2233,3,54.7145,52.5006
0.888992,50,52.2233,3,37.8929,49.5146
0.889992,75,45.2267,3,53.1577,52.3703
0.890992,66.6667,49.2366,3,62.7631,51.7463
0.891992,25,45.2267,3,46.8969,51.8272
0.892992,41.6667,51.4929,3,53.9081,52.4275
0.893992,33.3333,49.2366,3,37.8257,49.5078
0.894992,58.3333,51.4929,3,28.1521,45.396
0.895992,25,45.2267,3,60.6793,51.5911
0.896992,50,52.2233,3,38.3899,49.5664
0.897992,16.6667,38.9249,3,53.1992,52.3731
0.898992,41.6667,51.4929,3,54.4333,52.4736
0.899992,50,52.2233,3,54.5361,52.4832
0.900992,66.6667,49.2366,3,62.878,51.7573
0.901992,58.3333,51.4929,3,30.2398,45.6082
0.902992,75,45.2267,3,52.52,52.3292
0.903992,33.3333,49.2366,3,54.3767,52.4683
0.904992,50,52.2233,3,62.8647,51.756
0.905992,25,45.2267,3,30.2387,45.6081
0.906992,50,52.2233,3,52.5199,52.3292
0.907992,50,52.2233,3,54.3767,52.4683
0.908992,41.6667,51.4929,3,62.8647,51.756
0.909992,33.3333,49.2366,3,63.5721,51.8282
0.910992,58.3333,51.4929,3,63.631,51.8348
0.911992,58.3333,51.4929,4,46.9693,51.8353
0.912992,25,45.2267,5,53.9141,52.428
0.913992,66.6667,49.2366,6,79.4928,45.5219
0.914992,58.3333,51.4929,8,73.2911,49.762
0.915992,91.6667,28.8675,11,81.1076,45.7239
0.916992,100,0,13,140.092,49.7819
0.917992,108.333,28.8675,17,153.341,52.9596
0.918992,108.333,28.8675,17,146.112,51.0606
0.919992,108.333,28.8675,18,178.843,50.8981
0.920992,133.333,49.2366,19,173.237,53.8373
0.921992,133.333,49.2366,20,172.77,53.7007
0.922992,116.667,38.9249,20,206.064,32.6243
0.923992,125,45.2267,20,192.172,48.6837
0.924992,116.667,38.9249,20,182.681,52.0427
0.925992,150,52.2233,20,198.557,42.1035
0.926992,133.333,49.2366,20,183.213,52.2182
0.927992,116.667,38.9249,21,181.934,51.8004
0.928992,116.667,38.9249,21,190.161,47.9679
0.929992,125,45.2267,21,174.18,54.1279
0.930992,125,45.2267,21,189.515,47.7516
0.931992,125,45.2267,21,182.46,51.968
0.932992,141.667,51.4929,21,190.205,47.9832
0.933992,125,45.2267,21,190.85,48.2068
0.934992,116.667,38.9249,21,165.904,54.8415
0.935992,125,45.2267,21,180.492,51.359
0.936992,133.333,49.2366,21,198.374,42.0312
0.937991,150,52.2233,22,191.531,48.45
0.938991,150,52.2233,22,199.294,42.3965
0.939991,150,52.2233,22,216.608,17.4571
0.940991,116.667,38.9249,22,193.051,49.0152
0.941991,133.333,49.2366,22,182.754,52.0676
0.942991,108.333,28.8675,22,190.23,47.9918
0.943991,116.667,38.9249,22,199.186,42.3516
0.944991,133.333,49.2366,22,199.932,42.6564
0.945991,116.667,38.9249,22,199.994,42.6832
0.946991,133.333,49.2366,22,183.333,52.2603
0.947991,125,45.2267,22,215.278,16.1053
0.948991,141.667,51.4929,22,217.94,18.7766
0.949991,150,52.2233,22,209.828,34.5669
0.950991,133.333,49.2366,22,200.819,43.033
0.951991,116.667,38.9249,22,183.402,67.4674
0.952991,125,45.2267,22,181.95,51.8189
0.953991,108.333,28.8675,22,173.496,53.9169
0.954991,108.333,28.8675,22,197.791,41.8102
0.955991,116.667,38.9249,22,174.816,54.3295
0.956991,116.667,38.9249,22,181.235,66.9245
0.957991,116.667,38.9249,22,165.103,54.6094
0.958991,141.667,51.4929,22,188.759,47.5071
0.959991,116.667,38.9249,22,190.73,48.1632
0.960991,108.333,28.8675,22,190.894,48.2226
0.961991,125,45.2267,22,207.575,33.3734
0.962991,133.333,49.2366,22,192.298,48.733
0.963991,150,52.2233,22,191.025,48.2703
0.964991,125,45.2267,22,165.919,54.8462
0.965991,125,45.2267,22,205.493,32.3554
0.966991,133.333,49.2366,22,175.458,54.5377
0.967991,141.667,51.4929,23,197.955,41.8728
0.968991,125,45.2267,23,199.83,42.6125
0.969991,116.667,38.9249,23,191.652,48.4958
0.970991,133.333,49.2366,23,215.971,16.8128
0.971991,133.333,49.2366,23,209.664,34.4706
0.972991,133.333,49.2366,23,250.805,67.6652
0.973991,158.333,66.8558,23,237.567,61.774
0.974991,216.667,57.735,23,311.464,55.54
0.975991,191.667,51.4929,23,275.955,58.8833
0.976991,108.333,28.8675,23,197.996,51.2612
0.977991,133.333,49.2366,23,183.166,52.2101
0.978991,125,45.2267,23,190.264,48.0038
0.979991,133.333,49.2366,23,199.189,42.3528
0.980991,108.333,28.8675,23,199.932,42.6565
0.981991,116.667,38.9249,23,208.328,33.7644
0.982991,116.667,38.9249,23,192.361,48.7577
0.983991,125,45.2267,23,199.363,60.1506
0.984991,141.667,51.4929,23,183.28,52.2572
0.985991,125,45.2267,23,173.607,53.9513
0.986991,125,45.2267,23,214.467,15.272
0.987991,133.333,49.2366,23,176.206,54.7847
0.988991,116.667,38.9249,23,206.35,32.7648
0.989991,125,45.2267,23,208.863,54.5626
0.990991,141.667,51.4929,23,200.739,43.0185
0.991991,125,45.2267,23,191.728,48.5246
0.992991,133.333,49.2366,23,199.311,42.4034
0.993991,141.667,51.4929,23,199.943,42.6609
0.994991,116.667,38.9249,23,199.995,42.6836
0.995991,141.667,51.4929,23,216.666,46.0986
0.996991,116.667,38.9249,23,209.722,54.8757
0.997991,116.667,38.9249,24,184.144,52.5589
0.998991,141.667,51.4929,24,223.679,33.0907
0.999991,183.333,38.9249,29,243.64,49.2696
1.00099,508.333,66.8558,107,778.637,55.7288
