quantile,real_quantile,estimated_quantile,rank,real_rank,estimated_rank
0,1,1,1,52046841,52046841
0.001,1,1,1,52046841,52046841
0.002,1,1,1,52046841,52046841
0.003,1,1,1,52046841,52046841
0.004,1,1,1,52046841,52046841
0.005,1,1,1,52046841,52046841
0.006,1,1,1,52046841,52046841
0.007,1,1,1,52046841,52046841
0.008,1,1,1,52046841,52046841
0.009,1,1,1,52046841,52046841
0.01,1,1,1,52046841,52046841
0.011,1,1,1,52046841,52046841
0.012,1,1,1,52046841,52046841
0.013,1,1,1,52046841,52046841
0.014,1,1,1,52046841,52046841
0.015,1,1,1,52046841,52046841
0.016,1,1,1,52046841,52046841
0.017,1,1,1,52046841,52046841
0.018,1,1,1,52046841,52046841
0.019,1,1,1,52046841,52046841
0.02,1,1,1,52046841,52046841
0.021,1,1,1,52046841,52046841
0.022,1,1,1,52046841,52046841
0.023,1,1,1,52046841,52046841
0.024,1,1,1,52046841,52046841
0.025,1,1,1,52046841,52046841
0.026,1,1,1,52046841,52046841
0.027,1,1,1,52046841,52046841
0.028,1,1,1,52046841,52046841
0.029,1,1,1,52046841,52046841
0.03,1,1,1,52046841,52046841
0.031,1,1,1,52046841,52046841
0.032,1,1,1,52046841,52046841
0.033,1,1,1,52046841,52046841
0.034,1,1,1,52046841,52046841
0.035,1,1,1,52046841,52046841
0.036,1,1,1,52046841,52046841
0.037,1,1,1,52046841,52046841
0.038,1,1,1,52046841,52046841
0.039,1,1,1,52046841,52046841
0.04,1,1,1,52046841,52046841
0.041,1,1,1,52046841,52046841
0.042,1,1,1,52046841,52046841
0.043,1,1,1,52046841,52046841
0.044,1,1,1,52046841,52046841
0.045,1,1,1,52046841,52046841
0.046,1,1,1,52046841,52046841
0.047,1,1,1,52046841,52046841
0.048,1,1,1,52046841,52046841
0.049,1,1,1,52046841,52046841
0.05,1,1,1,52046841,52046841
0.051,1,1,1,52046841,52046841
0.052,1,1,1,52046841,52046841
0.053,1,1,1,52046841,52046841
0.054,1,1,1,52046841,52046841
0.055,1,1,1,52046841,52046841
0.056,1,1,1,52046841,52046841
0.057,1,1,1,52046841,52046841
0.058,1,1,1,52046841,52046841
0.059,1,1,1,52046841,52046841
0.06,1,1,1,52046841,52046841
0.061,1,1,1,52046841,52046841
0.062,1,1,1,52046841,52046841
0.063,1,1,1,52046841,52046841
0.064,1,1,1,52046841,52046841
0.065,1,1,1,52046841,52046841
0.066,1,1,1,52046841,52046841
0.067,1,1,1,52046841,52046841
0.068,1,1,1,52046841,52046841
0.069,1,1,1,52046841,52046841
0.07,1,1,1,52046841,52046841
0.071,1,1,1,52046841,52046841
0.072,1,1,1,52046841,52046841
0.073,1,1,1,52046841,52046841
0.074,1,1,1,52046841,52046841
0.075,1,1,1,52046841,52046841
0.076,1,1,1,52046841,52046841
0.077,1,1,1,52046841,52046841
0.078,1,1,1,52046841,52046841
0.079,1,1,1,52046841,52046841
0.08,1,1,1,52046841,52046841
0.081,1,1,1,52046841,52046841
0.082,1,1,1,52046841,52046841
0.083,1,1,1,52046841,52046841
0.084,1,1,1,52046841,52046841
0.085,1,1,1,52046841,52046841
0.086,1,1,1,52046841,52046841
0.087,1,1,1,52046841,52046841
0.088,1,1,1,52046841,52046841
0.089,1,1,1,52046841,52046841
0.09,1,1,1,52046841,52046841
0.091,1,1,1,52046841,52046841
0.092,1,1,1,52046841,52046841
0.093,1,1,1,52046841,52046841
0.094,1,1,1,52046841,52046841
0.095,1,1,1,52046841,52046841
0.096,1,1,1,52046841,52046841
0.097,1,1,1,52046841,52046841
0.098,1,1,1,52046841,52046841
0.099,1,1,1,52046841,52046841
0.1,1,1,1,52046841,52046841
0.101,1,1,1,52046841,52046841
0.102,1,1,1,52046841,52046841
0.103,1,1,1,52046841,52046841
0.104,1,1,1,52046841,52046841
0.105,1,1,1,52046841,52046841
0.106,1,1,1,52046841,52046841
0.107,1,1,1,52046841,52046841
0.108,1,1,1,52046841,52046841
0.109,1,1,1,52046841,52046841
0.11,1,1,1,52046841,52046841
0.111,1,1,1,52046841,52046841
0.112,1,1,1,52046841,52046841
0.113,1,1,1,52046841,52046841
0.114,1,1,1,52046841,52046841
0.115,1,1,1,52046841,52046841
0.116,1,1,1,52046841,52046841
0.117,1,1,1,52046841,52046841
0.118,1,1,1,52046841,52046841
0.119,1,1,1,52046841,52046841
0.12,1,1,1,52046841,52046841
0.121,1,1,1,52046841,52046841
0.122,1,1,1,52046841,52046841
0.123,1,1,1,52046841,52046841
0.124,1,1,1,52046841,52046841
0.125,1,1,1,52046841,52046841
0.126,1,1,1,52046841,52046841
0.127,1,1,1,52046841,52046841
0.128,1,1,1,52046841,52046841
0.129,1,1,1,52046841,52046841
0.13,1,1,1,52046841,52046841
0.131,1,1,1,52046841,52046841
0.132,1,1,1,52046841,52046841
0.133,1,1,1,52046841,52046841
0.134,1,1,1,52046841,52046841
0.135,1,1,1,52046841,52046841
0.136,1,1,1,52046841,52046841
0.137,1,1,1,52046841,52046841
0.138,1,1,1,52046841,52046841
0.139,1,1,1,52046841,52046841
0.14,1,1,1,52046841,52046841
0.141,1,1,1,52046841,52046841
0.142,1,1,1,52046841,52046841
0.143,1,1,1,52046841,52046841
0.144,1,1,1,52046841,52046841
0.145,1,1,1,52046841,52046841
0.146,1,1,1,52046841,52046841
0.147,1,1,1,52046841,52046841
0.148,1,1,1,52046841,52046841
0.149,1,1,1,52046841,52046841
0.15,1,1,1,52046841,52046841
0.151,1,1,1,52046841,52046841
0.152,1,1,1,52046841,52046841
0.153,1,1,1,52046841,52046841
0.154,1,1,1,52046841,52046841
0.155,1,1,1,52046841,52046841
0.156,1,1,1,52046841,52046841
0.157,1,1,1,52046841,52046841
0.158,1,1,1,52046841,52046841
0.159,1,1,1,52046841,52046841
0.16,1,1,1,52046841,52046841
0.161,1,1,1,52046841,52046841
0.162,1,1,1,52046841,52046841
0.163,1,1,1,52046841,52046841
0.164,1,1,1,52046841,52046841
0.165,1,1,1,52046841,52046841
0.166,1,1,1,52046841,52046841
0.167,1,1,1,52046841,52046841
0.168,1,1,1,52046841,52046841
0.169,1,1,1,52046841,52046841
0.17,1,1,1,52046841,52046841
0.171,1,1,1,52046841,52046841
0.172,1,1,1,52046841,52046841
0.173,1,1,1,52046841,52046841
0.174,1,1,1,52046841,52046841
0.175,1,1,1,52046841,52046841
0.176,1,1,1,52046841,52046841
0.177,1,1,1,52046841,52046841
0.178,1,1,1,52046841,52046841
0.179,1,1,1,52046841,52046841
0.18,1,1,1,52046841,52046841
0.181,1,1,1,52046841,52046841
0.182,1,1,1,52046841,52046841
0.183,1,1,1,52046841,52046841
0.184,1,1,1,52046841,52046841
0.185,1,1,1,52046841,52046841
0.186,1,1,1,52046841,52046841
0.187,1,1,1,52046841,52046841
0.188,1,1,1,52046841,52046841
0.189,1,1,1,52046841,52046841
0.19,1,1,1,52046841,52046841
0.191,1,1,1,52046841,52046841
0.192,1,1,1,52046841,52046841
0.193,1,1,1,52046841,52046841
0.194,1,1,1,52046841,52046841
0.195,1,1,1,52046841,52046841
0.196,1,1,1,52046841,52046841
0.197,1,1,1,52046841,52046841
0.198,1,1,1,52046841,52046841
0.199,1,1,1,52046841,52046841
0.2,1,1,1,52046841,52046841
0.201,1,1,1,52046841,52046841
0.202,1,1,1,52046841,52046841
0.203,1,1,1,52046841,52046841
0.204,1,1,1,52046841,52046841
0.205,1,1,1,52046841,52046841
0.206,1,1,1,52046841,52046841
0.207,1,1,1,52046841,52046841
0.208,1,1,1,52046841,52046841
0.209,1,1,1,52046841,52046841
0.21,1,1,1,52046841,52046841
0.211,1,1,1,52046841,52046841
0.212,1,1,1,52046841,52046841
0.213,1,1,1,52046841,52046841
0.214,1,1,1,52046841,52046841
0.215,1,1,1,52046841,52046841
0.216,1,1,1,52046841,52046841
0.217,1,1,1,52046841,52046841
0.218,1,1,1,52046841,52046841
0.219,1,1,1,52046841,52046841
0.22,1,1,1,52046841,52046841
0.221,1,1,1,52046841,52046841
0.222,1,1,1,52046841,52046841
0.223,1,1,1,52046841,52046841
0.224,1,1,1,52046841,52046841
0.225,1,1,1,52046841,52046841
0.226,1,1,1,52046841,52046841
0.227,1,1,1,52046841,52046841
0.228,1,1,1,52046841,52046841
0.229,1,1,1,52046841,52046841
0.23,1,1,1,52046841,52046841
0.231,1,1,1,52046841,52046841
0.232,1,1,1,52046841,52046841
0.233,1,1,1,52046841,52046841
0.234,1,1,1,52046841,52046841
0.235,1,1,1,52046841,52046841
0.236,1,1,1,52046841,52046841
0.237,1,1,1,52046841,52046841
0.238,1,1,1,52046841,52046841
0.239,1,1,1,52046841,52046841
0.24,1,1,1,52046841,52046841
0.241,1,1,1,52046841,52046841
0.242,1,1,1,52046841,52046841
0.243,1,1,1,52046841,52046841
0.244,1,1,1,52046841,52046841
0.245,1,1,1,52046841,52046841
0.246,1,1,1,52046841,52046841
0.247,1,1,1,52046841,52046841
0.248,1,1,1,52046841,52046841
0.249,1,1,1,52046841,52046841
0.25,1,1,1,52046841,52046841
0.251,1,1,1,52046841,52046841
0.252,1,1,1,52046841,52046841
0.253,1,1,1,52046841,52046841
0.254,1,1,1,52046841,52046841
0.255,1,1,1,52046841,52046841
0.256,1,1,1,52046841,52046841
0.257,1,1,1,52046841,52046841
0.258,1,1,1,52046841,52046841
0.259,1,1,1,52046841,52046841
0.26,1,1,1,52046841,52046841
0.261,1,1,1,52046841,52046841
0.262,1,1,1,52046841,52046841
0.263,1,1,1,52046841,52046841
0.264,1,1,1,52046841,52046841
0.265,1,1,1,52046841,52046841
0.266,1,1,1,52046841,52046841
0.267,1,1,1,52046841,52046841
0.268,1,1,1,52046841,52046841
0.269,1,1,1,52046841,52046841
0.27,1,1,1,52046841,52046841
0.271,1,1,1,52046841,52046841
0.272,1,1,1,52046841,52046841
0.273,1,1,1,52046841,52046841
0.274,1,1,1,52046841,52046841
0.275,1,1,1,52046841,52046841
0.276,1,1,1,52046841,52046841
0.277,1,1,1,52046841,52046841
0.278,1,1,1,52046841,52046841
0.279,1,1,1,52046841,52046841
0.28,1,1,1,52046841,52046841
0.281,1,1,1,52046841,52046841
0.282,1,1,1,52046841,52046841
0.283,1,1,1,52046841,52046841
0.284,1,1,1,52046841,52046841
0.285,1,1,1,52046841,52046841
0.286,1,1,1,52046841,52046841
0.287,1,1,1,52046841,52046841
0.288,1,1,1,52046841,52046841
0.289,1,1,1,52046841,52046841
0.29,1,1,1,52046841,52046841
0.291,1,1,1,52046841,52046841
0.292,1,1,1,52046841,52046841
0.293,1,1,1,52046841,52046841
0.294,1,1,1,52046841,52046841
0.295,1,1,1,52046841,52046841
0.296,1,1,1,52046841,52046841
0.297,1,1,1,52046841,52046841
0.298,1,1,1,52046841,52046841
0.299,1,1,1,52046841,52046841
0.3,1,1,1,52046841,52046841
0.301,1,1,1,52046841,52046841
0.302,1,1,1,52046841,52046841
0.303,1,1,1,52046841,52046841
0.304,1,1,1,52046841,52046841
0.305,1,1,1,52046841,52046841
0.306,1,1,1,52046841,52046841
0.307,1,1,1,52046841,52046841
0.308,1,1,1,52046841,52046841
0.309,1,1,1,52046841,52046841
0.31,1,1,1,52046841,52046841
0.311,1,1,1,52046841,52046841
0.312,1,1,1,52046841,52046841
0.313,1,1,1,52046841,52046841
0.314,1,1,1,52046841,52046841
0.315,1,1,1,52046841,52046841
0.316,1,1,1,52046841,52046841
0.317,1,1,1,52046841,52046841
0.318,1,1,1,52046841,52046841
0.319,1,1,1,52046841,52046841
0.32,1,1,1,52046841,52046841
0.321,1,1,1,52046841,52046841
0.322,1,1,1,52046841,52046841
0.323,1,1,1,52046841,52046841
0.324,1,1,1,52046841,52046841
0.325,1,1,1,52046841,52046841
0.326,1,1,1,52046841,52046841
0.327,1,1,1,52046841,52046841
0.328,1,1,1,52046841,52046841
0.329,1,1,1,52046841,52046841
0.33,1,1,1,52046841,52046841
0.331,1,1,1,52046841,52046841
0.332,1,1,1,52046841,52046841
0.333,1,1,1,52046841,52046841
0.334,1,1,1,52046841,52046841
0.335,1,1,1,52046841,52046841
0.336,1,1,1,52046841,52046841
0.337,1,1,1,52046841,52046841
0.338,1,1,1,52046841,52046841
0.339,1,1,1,52046841,52046841
0.34,1,1,1,52046841,52046841
0.341,1,1,1,52046841,52046841
0.342,1,1,1,52046841,52046841
0.343,1,1,1,52046841,52046841
0.344,1,1,1,52046841,52046841
0.345,1,1,1,52046841,52046841
0.346,1,1,1,52046841,52046841
0.347,1,1,1,52046841,52046841
0.348,1,1,1,52046841,52046841
0.349,1,1,1,52046841,52046841
0.35,1,1,1,52046841,52046841
0.351,1,1,1,52046841,52046841
0.352,1,1,1,52046841,52046841
0.353,1,1,1,52046841,52046841
0.354,1,1,1,52046841,52046841
0.355,1,1,1,52046841,52046841
0.356,1,1,1,52046841,52046841
0.357,1,1,1,52046841,52046841
0.358,1,1,1,52046841,52046841
0.359,1,1,1,52046841,52046841
0.36,1,1,1,52046841,52046841
0.361,1,1,1,52046841,52046841
0.362,1,1,1,52046841,52046841
0.363,1,1,1,52046841,52046841
0.364,1,1,1,52046841,52046841
0.365,1,1,1,52046841,52046841
0.366,1,1,1,52046841,52046841
0.367,1,1,1,52046841,52046841
0.368,1,1,1,52046841,52046841
0.369,1,1,1,52046841,52046841
0.37,1,1,1,52046841,52046841
0.371,1,1,1,52046841,52046841
0.372,1,1,1,52046841,52046841
0.373,1,1,1,52046841,52046841
0.374,1,1,1,52046841,52046841
0.375,1,1,1,52046841,52046841
0.376,1,1,1,52046841,52046841
0.377,1,1,1,52046841,52046841
0.378,1,1,1,52046841,52046841
0.379,1,1,1,52046841,52046841
0.38,1,1,1,52046841,52046841
0.381,1,1,1,52046841,52046841
0.382,1,1,1,52046841,52046841
0.383,1,1,1,52046841,52046841
0.384,1,1,1,52046841,52046841
0.385,1,1,1,52046841,52046841
0.386,1,1,1,52046841,52046841
0.387,1,1,1,52046841,52046841
0.388,1,1,1,52046841,52046841
0.389,1,1,1,52046841,52046841
0.39,1,1,1,52046841,52046841
0.391,1,1,1,52046841,52046841
0.392,1,1,1,52046841,52046841
0.393,1,1,1,52046841,52046841
0.394,1,1,1,52046841,52046841
0.395,1,1,1,52046841,52046841
0.396,1,1,1,52046841,52046841
0.397,1,1,1,52046841,52046841
0.398,1,1,1,52046841,52046841
0.399,1,1,1,52046841,52046841
0.4,1,1,1,52046841,52046841
0.401,1,1,1,52046841,52046841
0.402,1,1,1,52046841,52046841
0.403,1,1,1,52046841,52046841
0.404,1,1,1,52046841,52046841
0.405,1,1,1,52046841,52046841
0.406,1,1,1,52046841,52046841
0.407,1,1,1,52046841,52046841
0.408,1,1,1,52046841,52046841
0.409,1,1,1,52046841,52046841
0.41,1,1,1,52046841,52046841
0.411,1,1,1,52046841,52046841
0.412,1,1,1,52046841,52046841
0.413,1,1,1,52046841,52046841
0.414,1,1,1,52046841,52046841
0.415,1,1,1,52046841,52046841
0.416,1,1,1,52046841,52046841
0.417,1,1,1,52046841,52046841
0.418,1,1,1,52046841,52046841
0.419,1,1,1,52046841,52046841
0.42,1,1,1,52046841,52046841
0.421,1,1,1,52046841,52046841
0.422,1,1,1,52046841,52046841
0.423,1,1,1,52046841,52046841
0.424,1,1,1,52046841,52046841
0.425,1,1,1,52046841,52046841
0.426,1,1,1,52046841,52046841
0.427,1,1,1,52046841,52046841
0.428,1,1,1,52046841,52046841
0.429,1,1,1,52046841,52046841
0.43,1,1,1,52046841,52046841
0.431,1,1,1,52046841,52046841
0.432,1,1,1,52046841,52046841
0.433,1,1,1,52046841,52046841
0.434,1,1,1,52046841,52046841
0.435,1,1,1,52046841,52046841
0.436,1,1,1,52046841,52046841
0.437,1,1,1,52046841,52046841
0.438,1,1,1,52046841,52046841
0.439,1,1,1,52046841,52046841
0.44,1,1,1,52046841,52046841
0.441,1,1,1,52046841,52046841
0.442,1,1,1,52046841,52046841
0.443,1,1,1,52046841,52046841
0.444,1,1,1,52046841,52046841
0.445,1,1,1,52046841,52046841
0.446,1,1,1,52046841,52046841
0.447,1,1,1,52046841,52046841
0.448,1,1,1,52046841,52046841
0.449,1,1,1,52046841,52046841
0.45,1,1,1,52046841,52046841
0.451,1,1,1,52046841,52046841
0.452,1,1,1,52046841,52046841
0.453,1,1,1,52046841,52046841
0.454,1,1,1,52046841,52046841
0.455,1,1,1,52046841,52046841
0.456,1,1,1,52046841,52046841
0.457,1,1,1,52046841,52046841
0.458,1,1,1,52046841,52046841
0.459,1,1,1,52046841,52046841
0.46,1,1,1,52046841,52046841
0.461,1,1,1,52046841,52046841
0.462,1,1,1,52046841,52046841
0.463,1,1,1,52046841,52046841
0.464,1,1,1,52046841,52046841
0.465,1,1,1,52046841,52046841
0.466,1,1,1,52046841,52046841
0.467,1,1,1,52046841,52046841
0.468,1,1,1,52046841,52046841
0.469,1,1,1,52046841,52046841
0.47,1,1,1,52046841,52046841
0.471,1,1,1,52046841,52046841
0.472,1,1,1,52046841,52046841
0.473,1,1,1,52046841,52046841
0.474,1,1,1,52046841,52046841
0.475,1,1,1,52046841,52046841
0.476,1,1,1,52046841,52046841
0.477,1,1,1,52046841,52046841
0.478,1,1,1,52046841,52046841
0.479,1,1,1,52046841,52046841
0.48,1,1,1,52046841,52046841
0.481,1,1,1,52046841,52046841
0.482,1,1,1,52046841,52046841
0.483,1,1,1,52046841,52046841
0.484,1,1,1,52046841,52046841
0.485,1,1,1,52046841,52046841
0.486,1,1,1,52046841,52046841
0.487,1,1,1,52046841,52046841
0.488,1,1,1,52046841,52046841
0.489,1,1,1,52046841,52046841
0.49,1,1,1,52046841,52046841
0.491,1,1,1,52046841,52046841
0.492,1,1,1,52046841,52046841
0.493,1,1,1,52046841,52046841
0.494,1,1,1,52046841,52046841
0.495,1,1,1,52046841,52046841
0.496,1,1,1,52046841,52046841
0.497,1,1,1,52046841,52046841
0.498,1,1,1,52046841,52046841
0.499,1,1,1,52046841,52046841
0.5,1,1,1,52046841,52046841
0.501,1,1,1,52046841,52046841
0.502,1,1,1,52046841,52046841
0.503,1,1,1,52046841,52046841
0.504,1,1,1,52046841,52046841
0.505,1,1,1,52046841,52046841
0.506,1,1,1,52046841,52046841
0.507,1,1,1,52046841,52046841
0.508,1,1,1,52046841,52046841
0.509,1,1,1,52046841,52046841
0.51,1,1,1,52046841,52046841
0.511,1,1,1,52046841,52046841
0.512,1,1,1,52046841,52046841
0.513,1,1,1,52046841,52046841
0.514,1,1,1,52046841,52046841
0.515,1,1,1,52046841,52046841
0.516,1,1,1,52046841,52046841
0.517,1,1,1,52046841,52046841
0.518,1,1,1,52046841,52046841
0.519,1,1,1,52046841,52046841
0.52,1,1,1,52046841,52046841
0.521,1,1,1,52046841,52046841
0.522,1,1,1,52046841,52046841
0.523,1,1,1,52046841,52046841
0.524,1,1,1,52046841,52046841
0.525,1,1,1,52046841,52046841
0.526,1,1,1,52046841,52046841
0.527,1,1,1,52046841,52046841
0.528,1,1,1,52046841,52046841
0.529,1,1,1,52046841,52046841
0.53,1,1,1,52046841,52046841
0.531,1,1,1,52046841,52046841
0.532,1,1,1,52046841,52046841
0.533,1,1,1,52046841,52046841
0.534,1,1,1,52046841,52046841
0.535,1,1,1,52046841,52046841
0.536,1,1,1,52046841,52046841
0.537,1,1,1,52046841,52046841
0.538,1,1,1,52046841,52046841
0.539,1,1,1,52046841,52046841
0.54,1,1,1,52046841,52046841
0.541,1,1,1,52046841,52046841
0.542,1,1,1,52046841,52046841
0.543,1,1,1,52046841,52046841
0.544,1,1,1,52046841,52046841
0.545,1,1,1,52046841,52046841
0.546,1,1,1,52046841,52046841
0.547,1,1,1,52046841,52046841
0.548,1,1,1,52046841,52046841
0.549,1,1,1,52046841,52046841
0.55,1,1,1,52046841,52046841
0.551,1,1,1,52046841,52046841
0.552,1,1,1,52046841,52046841
0.553,1,1,1,52046841,52046841
0.554,1,1,1,52046841,52046841
0.555,1,1,1,52046841,52046841
0.556,1,1,1,52046841,52046841
0.557,1,1,1,52046841,52046841
0.558,1,1,1,52046841,52046841
0.559,1,1,1,52046841,52046841
0.56,1,1,1,52046841,52046841
0.561,1,1,1,52046841,52046841
0.562,1,1,1,52046841,52046841
0.563,1,1,1,52046841,52046841
0.564,1,1,1,52046841,52046841
0.565,1,1,1,52046841,52046841
0.566,1,1,1,52046841,52046841
0.567,1,1,1,52046841,52046841
0.568,1,1,1,52046841,52046841
0.569,1,1,1,52046841,52046841
0.57,1,1,1,52046841,52046841
0.571,1,1,1,52046841,52046841
0.572,1,1,1,52046841,52046841
0.573,1,1,1,52046841,52046841
0.574,1,1,1,52046841,52046841
0.575,1,1,1,52046841,52046841
0.576,1,1,1,52046841,52046841
0.577,1,1,1,52046841,52046841
0.578,1,1,1,52046841,52046841
0.579,1,1,1,52046841,52046841
0.58,1,1,1,52046841,52046841
0.581,1,1,1,52046841,52046841
0.582,1,1,1,52046841,52046841
0.583,1,1,1,52046841,52046841
0.584,1,1,1,52046841,52046841
0.585,1,1,1,52046841,52046841
0.586,1,1,1,52046841,52046841
0.587,1,1,1,52046841,52046841
0.588,1,1,1,52046841,52046841
0.589,1,1,1,52046841,52046841
0.59,1,1,1,52046841,52046841
0.591,1,1,1,52046841,52046841
0.592,1,1,1,52046841,52046841
0.593,1,1,1,52046841,52046841
0.594,1,1,1,52046841,52046841
0.595,1,1,1,52046841,52046841
0.596,1,1,1,52046841,52046841
0.597,1,1,1,52046841,52046841
0.598,1,1,1,52046841,52046841
0.599,1,1,1,52046841,52046841
0.6,1,1,1,52046841,52046841
0.601,1,1,1,52046841,52046841
0.602,1,1,1,52046841,52046841
0.603,1,1,1,52046841,52046841
0.604,1,1,1,52046841,52046841
0.605,1,1,1,52046841,52046841
0.606,1,1,1,52046841,52046841
0.607,1,1,1,52046841,52046841
0.608,1,1,1,52046841,52046841
0.609,1,1,1,52046841,52046841
0.61,1,1,1,52046841,52046841
0.611,1,1,1,52046841,52046841
0.612,1,1,1,52046841,52046841
0.613,1,1,1,52046841,52046841
0.614,1,1,1,52046841,52046841
0.615,1,1,1,52046841,52046841
0.616,1,1,1,52046841,52046841
0.617,1,1,1,52046841,52046841
0.618,1,1,1,52046841,52046841
0.619,1,1,1,52046841,52046841
0.62,1,1,1,52046841,52046841
0.621,1,1,1,52046841,52046841
0.622,1,1,1,52046841,52046841
0.623,1,1,1,52046841,52046841
0.624,1,1,1,52046841,52046841
0.625,1,1,1,52046841,52046841
0.626,1,1,1,52046841,52046841
0.627,1,1,1,52046841,52046841
0.628,1,1,1,52046841,52046841
0.629,1,1,1,52046841,52046841
0.63,1,1,1,52046841,52046841
0.631,1,1,1,52046841,52046841
0.632,1,1,1,52046841,52046841
0.633,1,1,1,52046841,52046841
0.634,1,1,1,52046841,52046841
0.635,1,1,1,52046841,52046841
0.636,1,1,1,52046841,52046841
0.637,1,1,1,52046841,52046841
0.638,1,1,1,52046841,52046841
0.639,1,1,1,52046841,52046841
0.64,1,1,1,52046841,52046841
0.641,1,1,1,52046841,52046841
0.642,1,1,1,52046841,52046841
0.643,1,1,1,52046841,52046841
0.644,1,1,1,52046841,52046841
0.645,1,1,1,52046841,52046841
0.646,1,1,1,52046841,52046841
0.647,1,1,1,52046841,52046841
0.648,1,1,1,52046841,52046841
0.649,1,1,1,52046841,52046841
0.65,1,1,1,52046841,52046841
0.651,1,1,1,52046841,52046841
0.652,1,1,1,52046841,52046841
0.653,1,1,1,52046841,52046841
0.654,1,1,1,52046841,52046841
0.655,1,1,1,52046841,52046841
0.656,1,1,1,52046841,52046841
0.657,1,1,1,52046841,52046841
0.658,1,1,1,52046841,52046841
0.659,1,1,1,52046841,52046841
0.66,1,1,1,52046841,52046841
0.661,1,1,1,52046841,52046841
0.662,1,1,1,52046841,52046841
0.663,1,1,1,52046841,52046841
0.664,1,1,1,52046841,52046841
0.665,1,1,1,52046841,52046841
0.666,1,1,1,52046841,52046841
0.667,1,1,1,52046841,52046841
0.668,1,1,1,52046841,52046841
0.669,1,1,1,52046841,52046841
0.67,1,1,1,52046841,52046841
0.671,1,1,1,52046841,52046841
0.672,1,1,1,52046841,52046841
0.673,1,1,1,52046841,52046841
0.674,1,1,1,52046841,52046841
0.675,1,1,1,52046841,52046841
0.676,1,1,1,52046841,52046841
0.677,1,1,1,52046841,52046841
0.678,1,1,1,52046841,52046841
0.679,1,1,1,52046841,52046841
0.68,1,1,1,52046841,52046841
0.681,1,1,1,52046841,52046841
0.682,1,1,1,52046841,52046841
0.683,1,1,1,52046841,52046841
0.684,1,1,1,52046841,52046841
0.685,1,1,1,52046841,52046841
0.686,1,1,1,52046841,52046841
0.687,1,1,1,52046841,52046841
0.688,1,1,1,52046841,52046841
0.689,1,1,1,52046841,52046841
0.69,1,1,1,52046841,52046841
0.691,1,1,1,52046841,52046841
0.692,1,1,1,52046841,52046841
0.693,1,1,1,52046841,52046841
0.694,1,1,1,52046841,52046841
0.695,1,1,1,52046841,52046841
0.696,1,1,1,52046841,52046841
0.697,1,1,1,52046841,52046841
0.698,1,1,1,52046841,52046841
0.699,1,1,1,52046841,52046841
0.7,1,1,1,52046841,52046841
0.701,1,1,1,52046841,52046841
0.702,1,1,1,52046841,52046841
0.703,1,1,1,52046841,52046841
0.704,1,1,1,52046841,52046841
0.705,1,1,1,52046841,52046841
0.706,1,1,1,52046841,52046841
0.707,1,1,1,52046841,52046841
0.708,1,1,1,52046841,52046841
0.709,1,1,1,52046841,52046841
0.71,1,1,1,52046841,52046841
0.711,1,1,1,52046841,52046841
0.712,1,1,1,52046841,52046841
0.713,1,1,1,52046841,52046841
0.714,1,1,1,52046841,52046841
0.715,1,1,1,52046841,52046841
0.716,1,1,1,52046841,52046841
0.717,1,1,1,52046841,52046841
0.718,1,1,1,52046841,52046841
0.719,1,1,1,52046841,52046841
0.72,1,1,1,52046841,52046841
0.721,1,1,1,52046841,52046841
0.722,1,1,1,52046841,52046841
0.723,1,1,1,52046841,52046841
0.724,1,1,1,52046841,52046841
0.725,1,1,1,52046841,52046841
0.726,1,1,1,52046841,52046841
0.727,1,1,1,52046841,52046841
0.728,1,1,1,52046841,52046841
0.729,1,1,1,52046841,52046841
0.73,1,1,1,52046841,52046841
0.731,1,1,1,52046841,52046841
0.732,1,1,1,52046841,52046841
0.733,1,1,1,52046841,52046841
0.734,1,1,1,52046841,52046841
0.735,1,1,1,52046841,52046841
0.736,1,1,1,52046841,52046841
0.737,1,1,1,52046841,52046841
0.738,1,1,1,52046841,52046841
0.739,1,1,1,52046841,52046841
0.74,1,1,1,52046841,52046841
0.741,1,1,1,52046841,52046841
0.742,1,1,1,52046841,52046841
0.743,1,1,1,52046841,52046841
0.744,1,1,1,52046841,52046841
0.745,1,1,1,52046841,52046841
0.746,1,1,1,52046841,52046841
0.747,1,1,1,52046841,52046841
0.748,1,1,1,52046841,52046841
0.749,1,1,1,52046841,52046841
0.75,1,1,1,52046841,52046841
0.751,1,1,1,52046841,52046841
0.752,1,1,1,52046841,52046841
0.753,1,1,1,52046841,52046841
0.754,1,1,1,52046841,52046841
0.755,1,1,1,52046841,52046841
0.756,1,1,1,52046841,52046841
0.757,1,1,1,52046841,52046841
0.758,1,1,1,52046841,52046841
0.759,1,1,1,52046841,52046841
0.76,1,1,1,52046841,52046841
0.761,1,1,1,52046841,52046841
0.762,1,1,1,52046841,52046841
0.763,1,1,1,52046841,52046841
0.764,1,1,1,52046841,52046841
0.765,1,1,1,52046841,52046841
0.766,1,1,1,52046841,52046841
0.767,1,1,1,52046841,52046841
0.768,1,1,1,52046841,52046841
0.769,1,1,1,52046841,52046841
0.77,1,1,1,52046841,52046841
0.771,1,1,1,52046841,52046841
0.772,1,1,1,52046841,52046841
0.773,1,1,1,52046841,52046841
0.774,1,1,1,52046841,52046841
0.775,1,1,1,52046841,52046841
0.776,1,1,1,52046841,52046841
0.777,1,1,1,52046841,52046841
0.778,1,1,1,52046841,52046841
0.779,1,1,1,52046841,52046841
0.78,1,1,1,52046841,52046841
0.781,1,1,1,52046841,52046841
0.782,1,1,1,52046841,52046841
0.783,1,1,1,52046841,52046841
0.784,1,1,1,52046841,52046841
0.785,1,1,1,52046841,52046841
0.786,1,1,1,52046841,52046841
0.787,1,1,1,52046841,52046841
0.788,1,1,1,52046841,52046841
0.789,1,1,1,52046841,52046841
0.79,1,1,1,52046841,52046841
0.791,1,1,1,52046841,52046841
0.792,1,1,1,52046841,52046841
0.793,1,1,1,52046841,52046841
0.794,1,1,1,52046841,52046841
0.795,1,1,1,52046841,52046841
0.796,1,1,1,52046841,52046841
0.797,1,1,1,52046841,52046841
0.798,1,1,1,52046841,52046841
0.799,1,1,1,52046841,52046841
0.8,1,1,1,52046841,52046841
0.801,1,1,1,52046841,52046841
0.802,1,1,1,52046841,52046841
0.803,1,1,1,52046841,52046841
0.804,1,1,1,52046841,52046841
0.805,1,1,1,52046841,52046841
0.806,1,1,1,52046841,52046841
0.807,1,1,1,52046841,52046841
0.808,1,1,1,52046841,52046841
0.809,1,1,1,52046841,52046841
0.81,1,1,1,52046841,52046841
0.811,1,1,1,52046841,52046841
0.812,1,1,1,52046841,52046841
0.813,1,1,1,52046841,52046841
0.814,1,1,1,52046841,52046841
0.815,1,1,1,52046841,52046841
0.816,1,1,1,52046841,52046841
0.817,1,1,1,52046841,52046841
0.818,1,1,1,52046841,52046841
0.819,1,1,1,52046841,52046841
0.82,1,1,1,52046841,52046841
0.821,1,1,1,52046841,52046841
0.822,1,1,1,52046841,52046841
0.823,1,1,1,52046841,52046841
0.824,1,1,1,52046841,52046841
0.825,1,1,1,52046841,52046841
0.826,1,1,1,52046841,52046841
0.827,1,1,1,52046841,52046841
0.828,1,1,1,52046841,52046841
0.829,1,1,1,52046841,52046841
0.83,1,1,1,52046841,52046841
0.831,1,1,1,52046841,52046841
0.832,1,1,1,52046841,52046841
0.833,1,1,1,52046841,52046841
0.834,2,2,2,54353573,54353573
0.835,2,2,2,54353573,54353573
0.836,2,2,2,54353573,54353573
0.837,2,2,2,54353573,54353573
0.838,2,2,2,54353573,54353573
0.839,2,2,2,54353573,54353573
0.84,2,2,2,54353573,54353573
0.841,2,2,2,54353573,54353573
0.842,2,2,2,54353573,54353573
0.843,2,2,2,54353573,54353573
0.844,2,2,2,54353573,54353573
0.845,2,2,2,54353573,54353573
0.846,2,2,2,54353573,54353573
0.847,2,2,2,54353573,54353573
0.848,2,2,2,54353573,54353573
0.849,2,2,2,54353573,54353573
0.85,2,2,2,54353573,54353573
0.851,2,2,2,54353573,54353573
0.852,2,2,2,54353573,54353573
0.853,2,2,2,54353573,54353573
0.854,2,2,2,54353573,54353573
0.855,2,2,2,54353573,54353573
0.856,2,2,2,54353573,54353573
0.857,2,2,2,54353573,54353573
0.858,2,2,2,54353573,54353573
0.859,2,2,2,54353573,54353573
0.86,2,2,2,54353573,54353573
0.861,2,2,2,54353573,54353573
0.862,2,2,2,54353573,54353573
0.863,2,2,2,54353573,54353573
0.864,2,2,2,54353573,54353573
0.865,2,2,2,54353573,54353573
0.866,2,2,2,54353573,54353573
0.867,2,2,2,54353573,54353573
0.868,2,2,2,54353573,54353573
0.869,2,2,2,54353573,54353573
0.87,2,2,2,54353573,54353573
0.871,3,3,3,56958764,56958764
0.872,3,3,3,56958764,56958764
0.873,3,3,3,56958764,56958764
0.874,3,3,3,56958764,56958764
0.875,3,3,3,56958764,56958764
0.876,3,3,3,56958764,56958764
0.877,3,3,3,56958764,56958764
0.878,3,3,3,56958764,56958764
0.879,3,3,3,56958764,56958764
0.88,3,3,3,56958764,56958764
0.881,3,3,3,56958764,56958764
0.882,3,3,3,56958764,56958764
0.883,3,3,3,56958764,56958764
0.884,3,3,3,56958764,56958764
0.885,3,3,3,56958764,56958764
0.886,3,3,3,56958764,56958764
0.887,3,3,3,56958764,56958764
0.888,3,3,3,56958764,56958764
0.889,3,3,3,56958764,56958764
0.89,3,3,3,56958764,56958764
0.891,3,3,3,56958764,56958764
0.892,3,3,3,56958764,56958764
0.893,3,3,3,56958764,56958764
0.894,3,3,3,56958764,56958764
0.895,3,3,3,56958764,56958764
0.896,3,3,3,56958764,56958764
0.897,3,3,3,56958764,56958764
0.898,3,3,3,56958764,56958764
0.899,3,3,3,56958764,56958764
0.9,3,3,3,56958764,56958764
0.901,3,3,3,56958764,56958764
0.902,3,3,3,56958764,56958764
0.903,3,3,3,56958764,56958764
0.904,3,3,3,56958764,56958764
0.905,3,3,3,56958764,56958764
0.906,3,3,3,56958764,56958764
0.907,3,3,3,56958764,56958764
0.908,3,3,3,56958764,56958764
0.909,3,3,3,56958764,56958764
0.91,3,3,3,56958764,56958764
0.911,3,3,3,56958764,56958764
0.912,3,3,3,56958764,56958764
0.913,4,4,4,57016236,57016236
0.914,6,6,6,57098828,57098828
0.915,9,9,9,57144759,57144759
0.916,11,11,11,57215867,57215867
0.917,13,13,13,57271161,57271161
0.918,17,17,17,57404025,57404025
0.919,17,17,17,57404025,57404025
0.92,18,19,18,57451641,57451641
0.921,19,19,19,57575707,57575707
0.922,20,20,20,57940698,57940698
0.923,20,20,20,57940698,57940698
0.924,20,20,20,57940698,57940698
0.925,20,20,20,57940698,57940698
0.926,20,20,20,57940698,57940698
0.927,20,20,20,57940698,57940698
0.928,21,21,21,58581275,58581275
0.929,21,21,21,58581275,58581275
0.93,21,21,21,58581275,58581275
0.931,21,21,21,58581275,58581275
0.932,21,21,21,58581275,58581275
0.933,21,21,21,58581275,58581275
0.934,21,21,21,58581275,58581275
0.935,21,21,21,58581275,58581275
0.936,21,21,21,58581275,58581275
0.937,21,21,21,58581275,58581275
0.938,21,21,21,58581275,58581275
0.939,22,22,22,60480943,60480943
0.94,22,22,22,60480943,60480943
0.941,22,22,22,60480943,60480943
0.942,22,22,22,60480943,60480943
0.943,22,22,22,60480943,60480943
0.944,22,22,22,60480943,60480943
0.945,22,22,22,60480943,60480943
0.946,22,22,22,60480943,60480943
0.947,22,22,22,60480943,60480943
0.948,22,22,22,60480943,60480943
0.949,22,22,22,60480943,60480943
0.95,22,22,22,60480943,60480943
0.951,22,22,22,60480943,60480943
0.952,22,22,22,60480943,60480943
0.953,22,22,22,60480943,60480943
0.954,22,22,22,60480943,60480943
0.955,22,22,22,60480943,60480943
0.956,22,22,22,60480943,60480943
0.957,22,22,22,60480943,60480943
0.958,22,22,22,60480943,60480943
0.959,22,22,22,60480943,60480943
0.96,22,22,22,60480943,60480943
0.961,22,22,22,60480943,60480943
0.962,22,22,22,60480943,60480943
0.963,22,22,22,60480943,60480943
0.964,22,22,22,60480943,60480943
0.965,22,22,22,60480943,60480943
0.966,22,22,22,60480943,60480943
0.967,22,22,22,60480943,60480943
0.968,22,22,22,60480943,60480943
0.969,23,23,23,62286071,62286071
0.97,23,23,23,62286071,62286071
0.971,23,23,23,62286071,62286071
0.972,23,23,23,62286071,62286071
0.973,23,23,23,62286071,62286071
0.974,23,23,23,62286071,62286071
0.975,23,23,23,62286071,62286071
0.976,23,23,23,62286071,62286071
0.977,23,23,23,62286071,62286071
0.978,23,23,23,62286071,62286071
0.979,23,23,23,62286071,62286071
0.98,23,23,23,62286071,62286071
0.981,23,23,23,62286071,62286071
0.982,23,23,23,62286071,62286071
0.983,23,23,23,62286071,62286071
0.984,23,23,23,62286071,62286071
0.985,23,23,23,62286071,62286071
0.986,23,23,23,62286071,62286071
0.987,23,23,23,62286071,62286071
0.988,23,23,23,62286071,62286071
0.989,23,23,23,62286071,62286071
0.99,23,23,23,62286071,62286071
0.991,23,23,23,62286071,62286071
0.992,23,23,23,62286071,62286071
0.993,23,23,23,62286071,62286071
0.994,23,23,23,62286071,62286071
0.995,23,23,23,62286071,62286071
0.996,23,23,23,62286071,62286071
0.997,23,23,23,62286071,62286071
0.998,24,24,24,62346067,62346067
0.999,28,28,28,62394881,62394881
